Date de début;Date de fin;Organisme;code zas;Zas;code site;nom site;type d'implantation;Polluant;type d'influence;Réglementaire;type d'évaluation;type de valeur;valeur;valeur brute;unité de mesure;taux de saisie;couverture temporelle;couverture de données;code qualité;validité;Latitude;Longitude
2021/01/01 00:00:00;2021/01/01 23:59:59;AIRPARIF;FR11ZAG01;ZAG PARIS;FR04029;VERSAILLES;Périurbaine;NO2;Fond;Oui;mesures fixes;Max. journalier moy. hor.;54.4;54.4;µg-m3;100.0;100;100.0;A;1;48.799168;2.130556
2021/01/02 00:00:00;2021/01/02 23:59:59;AIRPARIF;FR11ZAG01;ZAG PARIS;FR04029;VERSAILLES;Périurbaine;NO2;Fond;Oui;mesures fixes;Max. journalier moy. hor.;40.8;40.8;µg-m3;100.0;100;100.0;A;1;48.799168;2.130556
2021/01/03 00:00:00;2021/01/03 23:59:59;AIRPARIF;FR11ZAG01;ZAG PARIS;FR04029;VERSAILLES;Périurbaine;NO2;Fond;Oui;mesures fixes;Max. journalier moy. hor.;34.9;34.875;µg-m3;100.0;100;100.0;A;1;48.799168;2.130556
2021/01/04 00:00:00;2021/01/04 23:59:59;AIRPARIF;FR11ZAG01;ZAG PARIS;FR04029;VERSAILLES;Périurbaine;NO2;Fond;Oui;mesures fixes;Max. journalier moy. hor.;33.3;33.325;µg-m3;100.0;100;100.0;A;1;48.799168;2.130556
2021/01/05 00:00:00;2021/01/05 23:59:59;AIRPARIF;FR11ZAG01;ZAG PARIS;FR04029;VERSAILLES;Périurbaine;NO2;Fond;Oui;mesures fixes;Max. journalier moy. hor.;33.6;33.575;µg-m3;100.0;100;100.0;R;1;48.799168;2.130556
2021/01/06 00:00:00;2021/01/06 23:59:59;AIRPARIF;FR11ZAG01;ZAG PARIS;FR04029;VERSAILLES;Périurbaine;NO2;Fond;Oui;mesures fixes;Max. journalier moy. hor.;35.6;35.55;µg-m3;100.0;100;100.0;R;1;48.799168;2.130556
2021/01/07 00:00:00;2021/01/07 23:59:59;AIRPARIF;FR11ZAG01;ZAG PARIS;FR04029;VERSAILLES;Périurbaine;NO2;Fond;Oui;mesures fixes;Max. journalier moy. hor.;50.9;50.85;µg-m3;100.0;100;100.0;A;1;48.799168;2.130556
2021/01/08 00:00:00;2021/01/08 23:59:59;AIRPARIF;FR11ZAG01;ZAG PARIS;FR04029;VERSAILLES;Périurbaine;NO2;Fond;Oui;mesures fixes;Max. journalier moy. hor.;57.7;57.7;µg-m3;100.0;100;100.0;A;1;48.799168;2.130556
2021/01/09 00:00:00;2021/01/09 23:59:59;AIRPARIF;FR11ZAG01;ZAG PARIS;FR04029;VERSAILLES;Périurbaine;NO2;Fond;Oui;mesures fixes;Max. journalier moy. hor.;53.3;53.25;µg-m3;100.0;100;100.0;A;1;48.799168;2.130556
2021/01/10 00:00:00;2021/01/10 23:59:59;AIRPARIF;FR11ZAG01;ZAG PARIS;FR04029;VERSAILLES;Périurbaine;NO2;Fond;Oui;mesures fixes;Max. journalier moy. hor.;65.9;65.85;µg-m3;100.0;100;100.0;A;1;48.799168;2.130556
2021/01/11 00:00:00;2021/01/11 23:59:59;AIRPARIF;FR11ZAG01;ZAG PARIS;FR04029;VERSAILLES;Périurbaine;NO2;Fond;Oui;mesures fixes;Max. journalier moy. hor.;59.9;59.875;µg-m3;100.0;100;100.0;A;1;48.799168;2.130556
2021/01/12 00:00:00;2021/01/12 23:59:59;AIRPARIF;FR11ZAG01;ZAG PARIS;FR04029;VERSAILLES;Périurbaine;NO2;Fond;Oui;mesures fixes;Max. journalier moy. hor.;38.7;38.7;µg-m3;100.0;100;100.0;A;1;48.799168;2.130556
2021/01/13 00:00:00;2021/01/13 23:59:59;AIRPARIF;FR11ZAG01;ZAG PARIS;FR04029;VERSAILLES;Périurbaine;NO2;Fond;Oui;mesures fixes;Max. journalier moy. hor.;43.0;42.975;µg-m3;100.0;100;100.0;A;1;48.799168;2.130556
2021/01/14 00:00:00;2021/01/14 23:59:59;AIRPARIF;FR11ZAG01;ZAG PARIS;FR04029;VERSAILLES;Périurbaine;NO2;Fond;Oui;mesures fixes;Max. journalier moy. hor.;19.6;19.55;µg-m3;100.0;100;100.0;A;1;48.799168;2.130556
2021/01/15 00:00:00;2021/01/15 23:59:59;AIRPARIF;FR11ZAG01;ZAG PARIS;FR04029;VERSAILLES;Périurbaine;NO2;Fond;Oui;mesures fixes;Max. journalier moy. hor.;35.2;35.225;µg-m3;100.0;100;100.0;A;1;48.799168;2.130556
2021/01/16 00:00:00;2021/01/16 23:59:59;AIRPARIF;FR11ZAG01;ZAG PARIS;FR04029;VERSAILLES;Périurbaine;NO2;Fond;Oui;mesures fixes;Max. journalier moy. hor.;35.0;35.025;µg-m3;100.0;100;100.0;A;1;48.799168;2.130556
2021/01/17 00:00:00;2021/01/17 23:59:59;AIRPARIF;FR11ZAG01;ZAG PARIS;FR04029;VERSAILLES;Périurbaine;NO2;Fond;Oui;mesures fixes;Max. journalier moy. hor.;38.6;38.6;µg-m3;100.0;100;100.0;A;1;48.799168;2.130556
2021/01/18 00:00:00;2021/01/18 23:59:59;AIRPARIF;FR11ZAG01;ZAG PARIS;FR04029;VERSAILLES;Périurbaine;NO2;Fond;Oui;mesures fixes;Max. journalier moy. hor.;53.8;53.8;µg-m3;100.0;100;100.0;A;1;48.799168;2.130556
2021/01/19 00:00:00;2021/01/19 23:59:59;AIRPARIF;FR11ZAG01;ZAG PARIS;FR04029;VERSAILLES;Périurbaine;NO2;Fond;Oui;mesures fixes;Max. journalier moy. hor.;16.8;16.75;µg-m3;100.0;100;100.0;A;1;48.799168;2.130556
2021/01/20 00:00:00;2021/01/20 23:59:59;AIRPARIF;FR11ZAG01;ZAG PARIS;FR04029;VERSAILLES;Périurbaine;NO2;Fond;Oui;mesures fixes;Max. journalier moy. hor.;19.2;19.175;µg-m3;100.0;100;100.0;A;1;48.799168;2.130556
2021/01/21 00:00:00;2021/01/21 23:59:59;AIRPARIF;FR11ZAG01;ZAG PARIS;FR04029;VERSAILLES;Périurbaine;NO2;Fond;Oui;mesures fixes;Max. journalier moy. hor.;15.6;15.6;µg-m3;100.0;100;100.0;A;1;48.799168;2.130556
2021/01/22 00:00:00;2021/01/22 23:59:59;AIRPARIF;FR11ZAG01;ZAG PARIS;FR04029;VERSAILLES;Périurbaine;NO2;Fond;Oui;mesures fixes;Max. journalier moy. hor.;60.3;60.3;µg-m3;96.0;100;96.0;A;1;48.799168;2.130556
2021/01/23 00:00:00;2021/01/23 23:59:59;AIRPARIF;FR11ZAG01;ZAG PARIS;FR04029;VERSAILLES;Périurbaine;NO2;Fond;Oui;mesures fixes;Max. journalier moy. hor.;17.0;16.95;µg-m3;100.0;100;100.0;A;1;48.799168;2.130556
2021/01/24 00:00:00;2021/01/24 23:59:59;AIRPARIF;FR11ZAG01;ZAG PARIS;FR04029;VERSAILLES;Périurbaine;NO2;Fond;Oui;mesures fixes;Max. journalier moy. hor.;21.0;21.0;µg-m3;100.0;100;100.0;A;1;48.799168;2.130556
2021/01/25 00:00:00;2021/01/25 23:59:59;AIRPARIF;FR11ZAG01;ZAG PARIS;FR04029;VERSAILLES;Périurbaine;NO2;Fond;Oui;mesures fixes;Max. journalier moy. hor.;69.2;69.175;µg-m3;100.0;100;100.0;R;1;48.799168;2.130556
2021/01/26 00:00:00;2021/01/26 23:59:59;AIRPARIF;FR11ZAG01;ZAG PARIS;FR04029;VERSAILLES;Périurbaine;NO2;Fond;Oui;mesures fixes;Max. journalier moy. hor.;72.3;72.275;µg-m3;100.0;100;100.0;A;1;48.799168;2.130556
2021/01/27 00:00:00;2021/01/27 23:59:59;AIRPARIF;FR11ZAG01;ZAG PARIS;FR04029;VERSAILLES;Périurbaine;NO2;Fond;Oui;mesures fixes;Max. journalier moy. hor.;38.6;38.575;µg-m3;100.0;100;100.0;R;1;48.799168;2.130556
2021/01/28 00:00:00;2021/01/28 23:59:59;AIRPARIF;FR11ZAG01;ZAG PARIS;FR04029;VERSAILLES;Périurbaine;NO2;Fond;Oui;mesures fixes;Max. journalier moy. hor.;23.1;23.05;µg-m3;100.0;100;100.0;A;1;48.799168;2.130556
2021/01/29 00:00:00;2021/01/29 23:59:59;AIRPARIF;FR11ZAG01;ZAG PARIS;FR04029;VERSAILLES;Périurbaine;NO2;Fond;Oui;mesures fixes;Max. journalier moy. hor.;17.7;17.725;µg-m3;100.0;100;100.0;R;1;48.799168;2.130556
2021/01/30 00:00:00;2021/01/30 23:59:59;AIRPARIF;FR11ZAG01;ZAG PARIS;FR04029;VERSAILLES;Périurbaine;NO2;Fond;Oui;mesures fixes;Max. journalier moy. hor.;13.3;13.325;µg-m3;100.0;100;100.0;A;1;48.799168;2.130556
2021/01/31 00:00:00;2021/01/31 23:59:59;AIRPARIF;FR11ZAG01;ZAG PARIS;FR04029;VERSAILLES;Périurbaine;NO2;Fond;Oui;mesures fixes;Max. journalier moy. hor.;25.4;25.35;µg-m3;100.0;100;100.0;A;1;48.799168;2.130556
2021/02/01 00:00:00;2021/02/01 23:59:59;AIRPARIF;FR11ZAG01;ZAG PARIS;FR04029;VERSAILLES;Périurbaine;NO2;Fond;Oui;mesures fixes;Max. journalier moy. hor.;27.0;26.95;µg-m3;100.0;100;100.0;A;1;48.799168;2.130556
2021/02/02 00:00:00;2021/02/02 23:59:59;AIRPARIF;FR11ZAG01;ZAG PARIS;FR04029;VERSAILLES;Périurbaine;NO2;Fond;Oui;mesures fixes;Max. journalier moy. hor.;18.4;18.425;µg-m3;100.0;100;100.0;A;1;48.799168;2.130556
2021/02/03 00:00:00;2021/02/03 23:59:59;AIRPARIF;FR11ZAG01;ZAG PARIS;FR04029;VERSAILLES;Périurbaine;NO2;Fond;Oui;mesures fixes;Max. journalier moy. hor.;21.8;21.8;µg-m3;100.0;100;100.0;A;1;48.799168;2.130556
2021/02/04 00:00:00;2021/02/04 23:59:59;AIRPARIF;FR11ZAG01;ZAG PARIS;FR04029;VERSAILLES;Périurbaine;NO2;Fond;Oui;mesures fixes;Max. journalier moy. hor.;41.6;41.625;µg-m3;96.0;100;96.0;A;1;48.799168;2.130556
2021/02/05 00:00:00;2021/02/05 23:59:59;AIRPARIF;FR11ZAG01;ZAG PARIS;FR04029;VERSAILLES;Périurbaine;NO2;Fond;Oui;mesures fixes;Max. journalier moy. hor.;53.5;53.45;µg-m3;100.0;100;100.0;A;1;48.799168;2.130556
2021/02/06 00:00:00;2021/02/06 23:59:59;AIRPARIF;FR11ZAG01;ZAG PARIS;FR04029;VERSAILLES;Périurbaine;NO2;Fond;Oui;mesures fixes;Max. journalier moy. hor.;40.1;40.075;µg-m3;100.0;100;100.0;A;1;48.799168;2.130556
2021/02/07 00:00:00;2021/02/07 23:59:59;AIRPARIF;FR11ZAG01;ZAG PARIS;FR04029;VERSAILLES;Périurbaine;NO2;Fond;Oui;mesures fixes;Max. journalier moy. hor.;17.6;17.6;µg-m3;100.0;100;100.0;A;1;48.799168;2.130556
2021/02/08 00:00:00;2021/02/08 23:59:59;AIRPARIF;FR11ZAG01;ZAG PARIS;FR04029;VERSAILLES;Périurbaine;NO2;Fond;Oui;mesures fixes;Max. journalier moy. hor.;35.2;35.2;µg-m3;100.0;100;100.0;A;1;48.799168;2.130556
2021/02/09 00:00:00;2021/02/09 23:59:59;AIRPARIF;FR11ZAG01;ZAG PARIS;FR04029;VERSAILLES;Périurbaine;NO2;Fond;Oui;mesures fixes;Max. journalier moy. hor.;51.9;51.875;µg-m3;100.0;100;100.0;A;1;48.799168;2.130556
2021/02/10 00:00:00;2021/02/10 23:59:59;AIRPARIF;FR11ZAG01;ZAG PARIS;FR04029;VERSAILLES;Périurbaine;NO2;Fond;Oui;mesures fixes;Max. journalier moy. hor.;33.1;33.05;µg-m3;100.0;100;100.0;A;1;48.799168;2.130556
2021/02/11 00:00:00;2021/02/11 23:59:59;AIRPARIF;FR11ZAG01;ZAG PARIS;FR04029;VERSAILLES;Périurbaine;NO2;Fond;Oui;mesures fixes;Max. journalier moy. hor.;52.1;52.05;µg-m3;100.0;100;100.0;A;1;48.799168;2.130556
2021/02/12 00:00:00;2021/02/12 23:59:59;AIRPARIF;FR11ZAG01;ZAG PARIS;FR04029;VERSAILLES;Périurbaine;NO2;Fond;Oui;mesures fixes;Max. journalier moy. hor.;38.3;38.3;µg-m3;100.0;100;100.0;A;1;48.799168;2.130556
2021/02/13 00:00:00;2021/02/13 23:59:59;AIRPARIF;FR11ZAG01;ZAG PARIS;FR04029;VERSAILLES;Périurbaine;NO2;Fond;Oui;mesures fixes;Max. journalier moy. hor.;34.0;33.95;µg-m3;100.0;100;100.0;A;1;48.799168;2.130556
2021/02/14 00:00:00;2021/02/14 23:59:59;AIRPARIF;FR11ZAG01;ZAG PARIS;FR04029;VERSAILLES;Périurbaine;NO2;Fond;Oui;mesures fixes;Max. journalier moy. hor.;37.8;37.825;µg-m3;100.0;100;100.0;A;1;48.799168;2.130556
2021/02/15 00:00:00;2021/02/15 23:59:59;AIRPARIF;FR11ZAG01;ZAG PARIS;FR04029;VERSAILLES;Périurbaine;NO2;Fond;Oui;mesures fixes;Max. journalier moy. hor.;17.7;17.65;µg-m3;100.0;100;100.0;A;1;48.799168;2.130556
2021/02/16 00:00:00;2021/02/16 23:59:59;AIRPARIF;FR11ZAG01;ZAG PARIS;FR04029;VERSAILLES;Périurbaine;NO2;Fond;Oui;mesures fixes;Max. journalier moy. hor.;20.1;20.075;µg-m3;100.0;100;100.0;A;1;48.799168;2.130556
2021/02/17 00:00:00;2021/02/17 23:59:59;AIRPARIF;FR11ZAG01;ZAG PARIS;FR04029;VERSAILLES;Périurbaine;NO2;Fond;Oui;mesures fixes;Max. journalier moy. hor.;18.0;18.0;µg-m3;92.0;100;92.0;R;1;48.799168;2.130556
2021/02/18 00:00:00;2021/02/18 23:59:59;AIRPARIF;FR11ZAG01;ZAG PARIS;FR04029;VERSAILLES;Périurbaine;NO2;Fond;Oui;mesures fixes;Max. journalier moy. hor.;34.5;34.475;µg-m3;100.0;100;100.0;A;1;48.799168;2.130556
2021/02/19 00:00:00;2021/02/19 23:59:59;AIRPARIF;FR11ZAG01;ZAG PARIS;FR04029;VERSAILLES;Périurbaine;NO2;Fond;Oui;mesures fixes;Max. journalier moy. hor.;21.7;21.65;µg-m3;100.0;100;100.0;A;1;48.799168;2.130556
2021/02/20 00:00:00;2021/02/20 23:59:59;AIRPARIF;FR11ZAG01;ZAG PARIS;FR04029;VERSAILLES;Périurbaine;NO2;Fond;Oui;mesures fixes;Max. journalier moy. hor.;19.2;19.15;µg-m3;100.0;100;100.0;A;1;48.799168;2.130556
2021/02/21 00:00:00;2021/02/21 23:59:59;AIRPARIF;FR11ZAG01;ZAG PARIS;FR04029;VERSAILLES;Périurbaine;NO2;Fond;Oui;mesures fixes;Max. journalier moy. hor.;42.2;42.15;µg-m3;100.0;100;100.0;A;1;48.799168;2.130556
2021/02/22 00:00:00;2021/02/22 23:59:59;AIRPARIF;FR11ZAG01;ZAG PARIS;FR04029;VERSAILLES;Périurbaine;NO2;Fond;Oui;mesures fixes;Max. journalier moy. hor.;65.2;65.15;µg-m3;100.0;100;100.0;A;1;48.799168;2.130556
2021/02/23 00:00:00;2021/02/23 23:59:59;AIRPARIF;FR11ZAG01;ZAG PARIS;FR04029;VERSAILLES;Périurbaine;NO2;Fond;Oui;mesures fixes;Max. journalier moy. hor.;17.8;17.825;µg-m3;100.0;100;100.0;A;1;48.799168;2.130556
2021/02/24 00:00:00;2021/02/24 23:59:59;AIRPARIF;FR11ZAG01;ZAG PARIS;FR04029;VERSAILLES;Périurbaine;NO2;Fond;Oui;mesures fixes;Max. journalier moy. hor.;53.0;53.0;µg-m3;100.0;100;100.0;A;1;48.799168;2.130556
2021/02/25 00:00:00;2021/02/25 23:59:59;AIRPARIF;FR11ZAG01;ZAG PARIS;FR04029;VERSAILLES;Périurbaine;NO2;Fond;Oui;mesures fixes;Max. journalier moy. hor.;27.2;27.225;µg-m3;100.0;100;100.0;A;1;48.799168;2.130556
2021/02/26 00:00:00;2021/02/26 23:59:59;AIRPARIF;FR11ZAG01;ZAG PARIS;FR04029;VERSAILLES;Périurbaine;NO2;Fond;Oui;mesures fixes;Max. journalier moy. hor.;38.2;38.2;µg-m3;100.0;100;100.0;A;1;48.799168;2.130556
2021/02/27 00:00:00;2021/02/27 23:59:59;AIRPARIF;FR11ZAG01;ZAG PARIS;FR04029;VERSAILLES;Périurbaine;NO2;Fond;Oui;mesures fixes;Max. journalier moy. hor.;40.5;40.525;µg-m3;100.0;100;100.0;A;1;48.799168;2.130556
2021/02/28 00:00:00;2021/02/28 23:59:59;AIRPARIF;FR11ZAG01;ZAG PARIS;FR04029;VERSAILLES;Périurbaine;NO2;Fond;Oui;mesures fixes;Max. journalier moy. hor.;60.9;60.85;µg-m3;100.0;100;100.0;A;1;48.799168;2.130556
2021/03/01 00:00:00;2021/03/01 23:59:59;AIRPARIF;FR11ZAG01;ZAG PARIS;FR04029;VERSAILLES;Périurbaine;NO2;Fond;Oui;mesures fixes;Max. journalier moy. hor.;69.6;69.55;µg-m3;100.0;100;100.0;A;1;48.799168;2.130556
2021/03/02 00:00:00;2021/03/02 23:59:59;AIRPARIF;FR11ZAG01;ZAG PARIS;FR04029;VERSAILLES;Périurbaine;NO2;Fond;Oui;mesures fixes;Max. journalier moy. hor.;97.4;97.35;µg-m3;100.0;100;100.0;A;1;48.799168;2.130556
2021/03/03 00:00:00;2021/03/03 23:59:59;AIRPARIF;FR11ZAG01;ZAG PARIS;FR04029;VERSAILLES;Périurbaine;NO2;Fond;Oui;mesures fixes;Max. journalier moy. hor.;77.8;77.775;µg-m3;96.0;100;96.0;R;1;48.799168;2.130556
2021/03/04 00:00:00;2021/03/04 23:59:59;AIRPARIF;FR11ZAG01;ZAG PARIS;FR04029;VERSAILLES;Périurbaine;NO2;Fond;Oui;mesures fixes;Max. journalier moy. hor.;49.9;49.85;µg-m3;100.0;100;100.0;A;1;48.799168;2.130556
2021/03/05 00:00:00;2021/03/05 23:59:59;AIRPARIF;FR11ZAG01;ZAG PARIS;FR04029;VERSAILLES;Périurbaine;NO2;Fond;Oui;mesures fixes;Max. journalier moy. hor.;21.2;21.2;µg-m3;100.0;100;100.0;A;1;48.799168;2.130556
2021/03/06 00:00:00;2021/03/06 23:59:59;AIRPARIF;FR11ZAG01;ZAG PARIS;FR04029;VERSAILLES;Périurbaine;NO2;Fond;Oui;mesures fixes;Max. journalier moy. hor.;54.0;54.025;µg-m3;100.0;100;100.0;A;1;48.799168;2.130556
2021/03/07 00:00:00;2021/03/07 23:59:59;AIRPARIF;FR11ZAG01;ZAG PARIS;FR04029;VERSAILLES;Périurbaine;NO2;Fond;Oui;mesures fixes;Max. journalier moy. hor.;41.8;41.825;µg-m3;100.0;100;100.0;A;1;48.799168;2.130556
2021/03/08 00:00:00;2021/03/08 23:59:59;AIRPARIF;FR11ZAG01;ZAG PARIS;FR04029;VERSAILLES;Périurbaine;NO2;Fond;Oui;mesures fixes;Max. journalier moy. hor.;52.3;52.3;µg-m3;100.0;100;100.0;A;1;48.799168;2.130556
2021/03/09 00:00:00;2021/03/09 23:59:59;AIRPARIF;FR11ZAG01;ZAG PARIS;FR04029;VERSAILLES;Périurbaine;NO2;Fond;Oui;mesures fixes;Max. journalier moy. hor.;67.8;67.775;µg-m3;100.0;100;100.0;A;1;48.799168;2.130556
2021/03/10 00:00:00;2021/03/10 23:59:59;AIRPARIF;FR11ZAG01;ZAG PARIS;FR04029;VERSAILLES;Périurbaine;NO2;Fond;Oui;mesures fixes;Max. journalier moy. hor.;55.3;55.325;µg-m3;100.0;100;100.0;A;1;48.799168;2.130556
2021/03/11 00:00:00;2021/03/11 23:59:59;AIRPARIF;FR11ZAG01;ZAG PARIS;FR04029;VERSAILLES;Périurbaine;NO2;Fond;Oui;mesures fixes;Max. journalier moy. hor.;14.5;14.475;µg-m3;100.0;100;100.0;A;1;48.799168;2.130556
2021/03/12 00:00:00;2021/03/12 23:59:59;AIRPARIF;FR11ZAG01;ZAG PARIS;FR04029;VERSAILLES;Périurbaine;NO2;Fond;Oui;mesures fixes;Max. journalier moy. hor.;17.0;17.025;µg-m3;100.0;100;100.0;A;1;48.799168;2.130556
2021/03/13 00:00:00;2021/03/13 23:59:59;AIRPARIF;FR11ZAG01;ZAG PARIS;FR04029;VERSAILLES;Périurbaine;NO2;Fond;Oui;mesures fixes;Max. journalier moy. hor.;14.7;14.725;µg-m3;100.0;100;100.0;A;1;48.799168;2.130556
2021/03/14 00:00:00;2021/03/14 23:59:59;AIRPARIF;FR11ZAG01;ZAG PARIS;FR04029;VERSAILLES;Périurbaine;NO2;Fond;Oui;mesures fixes;Max. journalier moy. hor.;11.7;11.725;µg-m3;100.0;100;100.0;A;1;48.799168;2.130556
2021/03/15 00:00:00;2021/03/15 23:59:59;AIRPARIF;FR11ZAG01;ZAG PARIS;FR04029;VERSAILLES;Périurbaine;NO2;Fond;Oui;mesures fixes;Max. journalier moy. hor.;21.7;21.65;µg-m3;96.0;100;96.0;A;1;48.799168;2.130556
2021/03/16 00:00:00;2021/03/16 23:59:59;AIRPARIF;FR11ZAG01;ZAG PARIS;FR04029;VERSAILLES;Périurbaine;NO2;Fond;Oui;mesures fixes;Max. journalier moy. hor.;41.0;41.0;µg-m3;100.0;100;100.0;A;1;48.799168;2.130556
2021/03/17 00:00:00;2021/03/17 23:59:59;AIRPARIF;FR11ZAG01;ZAG PARIS;FR04029;VERSAILLES;Périurbaine;NO2;Fond;Oui;mesures fixes;Max. journalier moy. hor.;27.5;27.45;µg-m3;100.0;100;100.0;R;1;48.799168;2.130556
2021/03/18 00:00:00;2021/03/18 23:59:59;AIRPARIF;FR11ZAG01;ZAG PARIS;FR04029;VERSAILLES;Périurbaine;NO2;Fond;Oui;mesures fixes;Max. journalier moy. hor.;33.6;33.6;µg-m3;100.0;100;100.0;A;1;48.799168;2.130556
2021/03/19 00:00:00;2021/03/19 23:59:59;AIRPARIF;FR11ZAG01;ZAG PARIS;FR04029;VERSAILLES;Périurbaine;NO2;Fond;Oui;mesures fixes;Max. journalier moy. hor.;28.4;28.425;µg-m3;100.0;100;100.0;A;1;48.799168;2.130556
2021/03/20 00:00:00;2021/03/20 23:59:59;AIRPARIF;FR11ZAG01;ZAG PARIS;FR04029;VERSAILLES;Périurbaine;NO2;Fond;Oui;mesures fixes;Max. journalier moy. hor.;46.8;46.75;µg-m3;100.0;100;100.0;A;1;48.799168;2.130556
2021/03/21 00:00:00;2021/03/21 23:59:59;AIRPARIF;FR11ZAG01;ZAG PARIS;FR04029;VERSAILLES;Périurbaine;NO2;Fond;Oui;mesures fixes;Max. journalier moy. hor.;16.2;16.2;µg-m3;100.0;100;100.0;A;1;48.799168;2.130556
2021/03/22 00:00:00;2021/03/22 23:59:59;AIRPARIF;FR11ZAG01;ZAG PARIS;FR04029;VERSAILLES;Périurbaine;NO2;Fond;Oui;mesures fixes;Max. journalier moy. hor.;39.1;39.05;µg-m3;96.0;100;96.0;A;1;48.799168;2.130556
2021/03/23 00:00:00;2021/03/23 23:59:59;AIRPARIF;FR11ZAG01;ZAG PARIS;FR04029;VERSAILLES;Périurbaine;NO2;Fond;Oui;mesures fixes;Max. journalier moy. hor.;80.9;80.875;µg-m3;100.0;100;100.0;A;1;48.799168;2.130556
2021/03/24 00:00:00;2021/03/24 23:59:59;AIRPARIF;FR11ZAG01;ZAG PARIS;FR04029;VERSAILLES;Périurbaine;NO2;Fond;Oui;mesures fixes;Max. journalier moy. hor.;60.0;59.95;µg-m3;100.0;100;100.0;A;1;48.799168;2.130556
2021/03/25 00:00:00;2021/03/25 23:59:59;AIRPARIF;FR11ZAG01;ZAG PARIS;FR04029;VERSAILLES;Périurbaine;NO2;Fond;Oui;mesures fixes;Max. journalier moy. hor.;54.0;53.95;µg-m3;100.0;100;100.0;A;1;48.799168;2.130556
2021/03/26 00:00:00;2021/03/26 23:59:59;AIRPARIF;FR11ZAG01;ZAG PARIS;FR04029;VERSAILLES;Périurbaine;NO2;Fond;Oui;mesures fixes;Max. journalier moy. hor.;37.5;37.5;µg-m3;100.0;100;100.0;A;1;48.799168;2.130556
2021/03/27 00:00:00;2021/03/27 23:59:59;AIRPARIF;FR11ZAG01;ZAG PARIS;FR04029;VERSAILLES;Périurbaine;NO2;Fond;Oui;mesures fixes;Max. journalier moy. hor.;15.5;15.525;µg-m3;100.0;100;100.0;A;1;48.799168;2.130556
2021/03/28 00:00:00;2021/03/28 23:59:59;AIRPARIF;FR11ZAG01;ZAG PARIS;FR04029;VERSAILLES;Périurbaine;NO2;Fond;Oui;mesures fixes;Max. journalier moy. hor.;11.8;11.825;µg-m3;100.0;100;100.0;A;1;48.799168;2.130556
2021/03/29 00:00:00;2021/03/29 23:59:59;AIRPARIF;FR11ZAG01;ZAG PARIS;FR04029;VERSAILLES;Périurbaine;NO2;Fond;Oui;mesures fixes;Max. journalier moy. hor.;91.5;91.45;µg-m3;100.0;100;100.0;A;1;48.799168;2.130556
2021/03/30 00:00:00;2021/03/30 23:59:59;AIRPARIF;FR11ZAG01;ZAG PARIS;FR04029;VERSAILLES;Périurbaine;NO2;Fond;Oui;mesures fixes;Max. journalier moy. hor.;96.9;96.85;µg-m3;100.0;100;100.0;A;1;48.799168;2.130556
2021/03/31 00:00:00;2021/03/31 23:59:59;AIRPARIF;FR11ZAG01;ZAG PARIS;FR04029;VERSAILLES;Périurbaine;NO2;Fond;Oui;mesures fixes;Max. journalier moy. hor.;94.9;94.925;µg-m3;100.0;100;100.0;A;1;48.799168;2.130556
2021/04/01 00:00:00;2021/04/01 23:59:59;AIRPARIF;FR11ZAG01;ZAG PARIS;FR04029;VERSAILLES;Périurbaine;NO2;Fond;Oui;mesures fixes;Max. journalier moy. hor.;86.6;86.6;µg-m3;100.0;100;100.0;A;1;48.799168;2.130556
2021/04/02 00:00:00;2021/04/02 23:59:59;AIRPARIF;FR11ZAG01;ZAG PARIS;FR04029;VERSAILLES;Périurbaine;NO2;Fond;Oui;mesures fixes;Max. journalier moy. hor.;29.3;29.275;µg-m3;100.0;100;100.0;A;1;48.799168;2.130556
2021/04/03 00:00:00;2021/04/03 23:59:59;AIRPARIF;FR11ZAG01;ZAG PARIS;FR04029;VERSAILLES;Périurbaine;NO2;Fond;Oui;mesures fixes;Max. journalier moy. hor.;16.4;16.425;µg-m3;100.0;100;100.0;A;1;48.799168;2.130556
2021/04/04 00:00:00;2021/04/04 23:59:59;AIRPARIF;FR11ZAG01;ZAG PARIS;FR04029;VERSAILLES;Périurbaine;NO2;Fond;Oui;mesures fixes;Max. journalier moy. hor.;39.0;39.0;µg-m3;100.0;100;100.0;A;1;48.799168;2.130556
2021/04/05 00:00:00;2021/04/05 23:59:59;AIRPARIF;FR11ZAG01;ZAG PARIS;FR04029;VERSAILLES;Périurbaine;NO2;Fond;Oui;mesures fixes;Max. journalier moy. hor.;16.7;16.65;µg-m3;100.0;100;100.0;A;1;48.799168;2.130556
2021/04/06 00:00:00;2021/04/06 23:59:59;AIRPARIF;FR11ZAG01;ZAG PARIS;FR04029;VERSAILLES;Périurbaine;NO2;Fond;Oui;mesures fixes;Max. journalier moy. hor.;56.9;56.875;µg-m3;100.0;100;100.0;A;1;48.799168;2.130556
2021/04/07 00:00:00;2021/04/07 23:59:59;AIRPARIF;FR11ZAG01;ZAG PARIS;FR04029;VERSAILLES;Périurbaine;NO2;Fond;Oui;mesures fixes;Max. journalier moy. hor.;48.4;48.425;µg-m3;100.0;100;100.0;A;1;48.799168;2.130556
2021/04/08 00:00:00;2021/04/08 23:59:59;AIRPARIF;FR11ZAG01;ZAG PARIS;FR04029;VERSAILLES;Périurbaine;NO2;Fond;Oui;mesures fixes;Max. journalier moy. hor.;83.7;83.675;µg-m3;96.0;100;96.0;A;1;48.799168;2.130556
2021/04/09 00:00:00;2021/04/09 23:59:59;AIRPARIF;FR11ZAG01;ZAG PARIS;FR04029;VERSAILLES;Périurbaine;NO2;Fond;Oui;mesures fixes;Max. journalier moy. hor.;78.1;78.05;µg-m3;100.0;100;100.0;A;1;48.799168;2.130556
2021/04/10 00:00:00;2021/04/10 23:59:59;AIRPARIF;FR11ZAG01;ZAG PARIS;FR04029;VERSAILLES;Périurbaine;NO2;Fond;Oui;mesures fixes;Max. journalier moy. hor.;16.0;15.975;µg-m3;100.0;100;100.0;A;1;48.799168;2.130556
2021/04/11 00:00:00;2021/04/11 23:59:59;AIRPARIF;FR11ZAG01;ZAG PARIS;FR04029;VERSAILLES;Périurbaine;NO2;Fond;Oui;mesures fixes;Max. journalier moy. hor.;14.1;14.1;µg-m3;100.0;100;100.0;A;1;48.799168;2.130556
2021/04/12 00:00:00;2021/04/12 23:59:59;AIRPARIF;FR11ZAG01;ZAG PARIS;FR04029;VERSAILLES;Périurbaine;NO2;Fond;Oui;mesures fixes;Max. journalier moy. hor.;45.1;45.1;µg-m3;100.0;100;100.0;A;1;48.799168;2.130556
2021/04/13 00:00:00;2021/04/13 23:59:59;AIRPARIF;FR11ZAG01;ZAG PARIS;FR04029;VERSAILLES;Périurbaine;NO2;Fond;Oui;mesures fixes;Max. journalier moy. hor.;45.1;45.125;µg-m3;100.0;100;100.0;A;1;48.799168;2.130556
2021/04/14 00:00:00;2021/04/14 23:59:59;AIRPARIF;FR11ZAG01;ZAG PARIS;FR04029;VERSAILLES;Périurbaine;NO2;Fond;Oui;mesures fixes;Max. journalier moy. hor.;58.3;58.3;µg-m3;100.0;100;100.0;A;1;48.799168;2.130556
2021/04/15 00:00:00;2021/04/15 23:59:59;AIRPARIF;FR11ZAG01;ZAG PARIS;FR04029;VERSAILLES;Périurbaine;NO2;Fond;Oui;mesures fixes;Max. journalier moy. hor.;41.7;41.725;µg-m3;100.0;100;100.0;A;1;48.799168;2.130556
2021/04/16 00:00:00;2021/04/16 23:59:59;AIRPARIF;FR11ZAG01;ZAG PARIS;FR04029;VERSAILLES;Périurbaine;NO2;Fond;Oui;mesures fixes;Max. journalier moy. hor.;54.1;54.05;µg-m3;100.0;100;100.0;A;1;48.799168;2.130556
2021/04/17 00:00:00;2021/04/17 23:59:59;AIRPARIF;FR11ZAG01;ZAG PARIS;FR04029;VERSAILLES;Périurbaine;NO2;Fond;Oui;mesures fixes;Max. journalier moy. hor.;24.4;24.425;µg-m3;100.0;100;100.0;A;1;48.799168;2.130556
2021/04/18 00:00:00;2021/04/18 23:59:59;AIRPARIF;FR11ZAG01;ZAG PARIS;FR04029;VERSAILLES;Périurbaine;NO2;Fond;Oui;mesures fixes;Max. journalier moy. hor.;58.7;58.725;µg-m3;100.0;100;100.0;A;1;48.799168;2.130556
2021/04/19 00:00:00;2021/04/19 23:59:59;AIRPARIF;FR11ZAG01;ZAG PARIS;FR04029;VERSAILLES;Périurbaine;NO2;Fond;Oui;mesures fixes;Max. journalier moy. hor.;52.4;52.4;µg-m3;100.0;100;100.0;A;1;48.799168;2.130556
2021/04/20 00:00:00;2021/04/20 23:59:59;AIRPARIF;FR11ZAG01;ZAG PARIS;FR04029;VERSAILLES;Périurbaine;NO2;Fond;Oui;mesures fixes;Max. journalier moy. hor.;63.3;63.3;µg-m3;88.0;100;88.0;A;1;48.799168;2.130556
2021/04/21 00:00:00;2021/04/21 23:59:59;AIRPARIF;FR11ZAG01;ZAG PARIS;FR04029;VERSAILLES;Périurbaine;NO2;Fond;Oui;mesures fixes;Max. journalier moy. hor.;66.3;66.25;µg-m3;100.0;100;100.0;A;1;48.799168;2.130556
2021/04/22 00:00:00;2021/04/22 23:59:59;AIRPARIF;FR11ZAG01;ZAG PARIS;FR04029;VERSAILLES;Périurbaine;NO2;Fond;Oui;mesures fixes;Max. journalier moy. hor.;29.9;29.925;µg-m3;100.0;100;100.0;A;1;48.799168;2.130556
2021/04/23 00:00:00;2021/04/23 23:59:59;AIRPARIF;FR11ZAG01;ZAG PARIS;FR04029;VERSAILLES;Périurbaine;NO2;Fond;Oui;mesures fixes;Max. journalier moy. hor.;51.5;51.5;µg-m3;100.0;100;100.0;A;1;48.799168;2.130556
2021/04/24 00:00:00;2021/04/24 23:59:59;AIRPARIF;FR11ZAG01;ZAG PARIS;FR04029;VERSAILLES;Périurbaine;NO2;Fond;Oui;mesures fixes;Max. journalier moy. hor.;30.3;30.275;µg-m3;100.0;100;100.0;A;1;48.799168;2.130556
2021/04/25 00:00:00;2021/04/25 23:59:59;AIRPARIF;FR11ZAG01;ZAG PARIS;FR04029;VERSAILLES;Périurbaine;NO2;Fond;Oui;mesures fixes;Max. journalier moy. hor.;15.9;15.9;µg-m3;100.0;100;100.0;A;1;48.799168;2.130556
2021/04/26 00:00:00;2021/04/26 23:59:59;AIRPARIF;FR11ZAG01;ZAG PARIS;FR04029;VERSAILLES;Périurbaine;NO2;Fond;Oui;mesures fixes;Max. journalier moy. hor.;30.5;30.5;µg-m3;100.0;100;100.0;A;1;48.799168;2.130556
2021/04/27 00:00:00;2021/04/27 23:59:59;AIRPARIF;FR11ZAG01;ZAG PARIS;FR04029;VERSAILLES;Périurbaine;NO2;Fond;Oui;mesures fixes;Max. journalier moy. hor.;46.1;46.125;µg-m3;100.0;100;100.0;A;1;48.799168;2.130556
2021/04/28 00:00:00;2021/04/28 23:59:59;AIRPARIF;FR11ZAG01;ZAG PARIS;FR04029;VERSAILLES;Périurbaine;NO2;Fond;Oui;mesures fixes;Max. journalier moy. hor.;68.3;68.325;µg-m3;96.0;100;96.0;R;1;48.799168;2.130556
2021/04/29 00:00:00;2021/04/29 23:59:59;AIRPARIF;FR11ZAG01;ZAG PARIS;FR04029;VERSAILLES;Périurbaine;NO2;Fond;Oui;mesures fixes;Max. journalier moy. hor.;24.9;24.9;µg-m3;100.0;100;100.0;A;1;48.799168;2.130556
2021/04/30 00:00:00;2021/04/30 23:59:59;AIRPARIF;FR11ZAG01;ZAG PARIS;FR04029;VERSAILLES;Périurbaine;NO2;Fond;Oui;mesures fixes;Max. journalier moy. hor.;29.7;29.7;µg-m3;100.0;100;100.0;A;1;48.799168;2.130556
2021/05/01 00:00:00;2021/05/01 23:59:59;AIRPARIF;FR11ZAG01;ZAG PARIS;FR04029;VERSAILLES;Périurbaine;NO2;Fond;Oui;mesures fixes;Max. journalier moy. hor.;27.1;27.05;µg-m3;100.0;100;100.0;A;1;48.799168;2.130556
2021/05/02 00:00:00;2021/05/02 23:59:59;AIRPARIF;FR11ZAG01;ZAG PARIS;FR04029;VERSAILLES;Périurbaine;NO2;Fond;Oui;mesures fixes;Max. journalier moy. hor.;34.1;34.125;µg-m3;100.0;100;100.0;A;1;48.799168;2.130556
2021/05/03 00:00:00;2021/05/03 23:59:59;AIRPARIF;FR11ZAG01;ZAG PARIS;FR04029;VERSAILLES;Périurbaine;NO2;Fond;Oui;mesures fixes;Max. journalier moy. hor.;65.6;65.625;µg-m3;100.0;100;100.0;A;1;48.799168;2.130556
2021/05/04 00:00:00;2021/05/04 23:59:59;AIRPARIF;FR11ZAG01;ZAG PARIS;FR04029;VERSAILLES;Périurbaine;NO2;Fond;Oui;mesures fixes;Max. journalier moy. hor.;12.0;12.0;µg-m3;100.0;100;100.0;A;1;48.799168;2.130556
2021/05/05 00:00:00;2021/05/05 23:59:59;AIRPARIF;FR11ZAG01;ZAG PARIS;FR04029;VERSAILLES;Périurbaine;NO2;Fond;Oui;mesures fixes;Max. journalier moy. hor.;25.5;25.5;µg-m3;100.0;100;100.0;A;1;48.799168;2.130556
2021/05/06 00:00:00;2021/05/06 23:59:59;AIRPARIF;FR11ZAG01;ZAG PARIS;FR04029;VERSAILLES;Périurbaine;NO2;Fond;Oui;mesures fixes;Max. journalier moy. hor.;31.3;31.25;µg-m3;100.0;100;100.0;A;1;48.799168;2.130556
2021/05/07 00:00:00;2021/05/07 23:59:59;AIRPARIF;FR11ZAG01;ZAG PARIS;FR04029;VERSAILLES;Périurbaine;NO2;Fond;Oui;mesures fixes;Max. journalier moy. hor.;39.7;39.675;µg-m3;100.0;100;100.0;A;1;48.799168;2.130556
2021/05/08 00:00:00;2021/05/08 23:59:59;AIRPARIF;FR11ZAG01;ZAG PARIS;FR04029;VERSAILLES;Périurbaine;NO2;Fond;Oui;mesures fixes;Max. journalier moy. hor.;15.7;15.65;µg-m3;100.0;100;100.0;A;1;48.799168;2.130556
2021/05/09 00:00:00;2021/05/09 23:59:59;AIRPARIF;FR11ZAG01;ZAG PARIS;FR04029;VERSAILLES;Périurbaine;NO2;Fond;Oui;mesures fixes;Max. journalier moy. hor.;10.0;10.0;µg-m3;100.0;100;100.0;A;1;48.799168;2.130556
2021/05/10 00:00:00;2021/05/10 23:59:59;AIRPARIF;FR11ZAG01;ZAG PARIS;FR04029;VERSAILLES;Périurbaine;NO2;Fond;Oui;mesures fixes;Max. journalier moy. hor.;16.8;16.75;µg-m3;100.0;100;100.0;A;1;48.799168;2.130556
2021/05/11 00:00:00;2021/05/11 23:59:59;AIRPARIF;FR11ZAG01;ZAG PARIS;FR04029;VERSAILLES;Périurbaine;NO2;Fond;Oui;mesures fixes;Max. journalier moy. hor.;41.7;41.725;µg-m3;100.0;100;100.0;A;1;48.799168;2.130556
2021/05/12 00:00:00;2021/05/12 23:59:59;AIRPARIF;FR11ZAG01;ZAG PARIS;FR04029;VERSAILLES;Périurbaine;NO2;Fond;Oui;mesures fixes;Max. journalier moy. hor.;17.9;17.925;µg-m3;100.0;100;100.0;A;1;48.799168;2.130556
2021/05/13 00:00:00;2021/05/13 23:59:59;AIRPARIF;FR11ZAG01;ZAG PARIS;FR04029;VERSAILLES;Périurbaine;NO2;Fond;Oui;mesures fixes;Max. journalier moy. hor.;8.3;8.275;µg-m3;100.0;100;100.0;A;1;48.799168;2.130556
2021/05/14 00:00:00;2021/05/14 23:59:59;AIRPARIF;FR11ZAG01;ZAG PARIS;FR04029;VERSAILLES;Périurbaine;NO2;Fond;Oui;mesures fixes;Max. journalier moy. hor.;14.4;14.375;µg-m3;100.0;100;100.0;A;1;48.799168;2.130556
2021/05/15 00:00:00;2021/05/15 23:59:59;AIRPARIF;FR11ZAG01;ZAG PARIS;FR04029;VERSAILLES;Périurbaine;NO2;Fond;Oui;mesures fixes;Max. journalier moy. hor.;8.6;8.575;µg-m3;100.0;100;100.0;A;1;48.799168;2.130556
2021/05/16 00:00:00;2021/05/16 23:59:59;AIRPARIF;FR11ZAG01;ZAG PARIS;FR04029;VERSAILLES;Périurbaine;NO2;Fond;Oui;mesures fixes;Max. journalier moy. hor.;10.1;10.05;µg-m3;100.0;100;100.0;A;1;48.799168;2.130556
2021/05/17 00:00:00;2021/05/17 23:59:59;AIRPARIF;FR11ZAG01;ZAG PARIS;FR04029;VERSAILLES;Périurbaine;NO2;Fond;Oui;mesures fixes;Max. journalier moy. hor.;15.0;14.95;µg-m3;100.0;100;100.0;A;1;48.799168;2.130556
2021/05/18 00:00:00;2021/05/18 23:59:59;AIRPARIF;FR11ZAG01;ZAG PARIS;FR04029;VERSAILLES;Périurbaine;NO2;Fond;Oui;mesures fixes;Max. journalier moy. hor.;29.1;29.125;µg-m3;100.0;100;100.0;A;1;48.799168;2.130556
2021/05/19 00:00:00;2021/05/19 23:59:59;AIRPARIF;FR11ZAG01;ZAG PARIS;FR04029;VERSAILLES;Périurbaine;NO2;Fond;Oui;mesures fixes;Max. journalier moy. hor.;19.2;19.15;µg-m3;100.0;100;100.0;A;1;48.799168;2.130556
2021/05/20 00:00:00;2021/05/20 23:59:59;AIRPARIF;FR11ZAG01;ZAG PARIS;FR04029;VERSAILLES;Périurbaine;NO2;Fond;Oui;mesures fixes;Max. journalier moy. hor.;51.3;51.3;µg-m3;100.0;100;100.0;A;1;48.799168;2.130556
2021/05/21 00:00:00;2021/05/21 23:59:59;AIRPARIF;FR11ZAG01;ZAG PARIS;FR04029;VERSAILLES;Périurbaine;NO2;Fond;Oui;mesures fixes;Max. journalier moy. hor.;13.0;12.975;µg-m3;88.0;100;88.0;A;1;48.799168;2.130556
2021/05/22 00:00:00;2021/05/22 23:59:59;AIRPARIF;FR11ZAG01;ZAG PARIS;FR04029;VERSAILLES;Périurbaine;NO2;Fond;Oui;mesures fixes;Max. journalier moy. hor.;9.5;9.525;µg-m3;100.0;100;100.0;A;1;48.799168;2.130556
2021/05/23 00:00:00;2021/05/23 23:59:59;AIRPARIF;FR11ZAG01;ZAG PARIS;FR04029;VERSAILLES;Périurbaine;NO2;Fond;Oui;mesures fixes;Max. journalier moy. hor.;6.5;6.45;µg-m3;100.0;100;100.0;A;1;48.799168;2.130556
2021/05/24 00:00:00;2021/05/24 23:59:59;AIRPARIF;FR11ZAG01;ZAG PARIS;FR04029;VERSAILLES;Périurbaine;NO2;Fond;Oui;mesures fixes;Max. journalier moy. hor.;4.7;4.65;µg-m3;100.0;100;100.0;A;1;48.799168;2.130556
2021/05/25 00:00:00;2021/05/25 23:59:59;AIRPARIF;FR11ZAG01;ZAG PARIS;FR04029;VERSAILLES;Périurbaine;NO2;Fond;Oui;mesures fixes;Max. journalier moy. hor.;15.7;15.7;µg-m3;100.0;100;100.0;A;1;48.799168;2.130556
2021/05/26 00:00:00;2021/05/26 23:59:59;AIRPARIF;FR11ZAG01;ZAG PARIS;FR04029;VERSAILLES;Périurbaine;NO2;Fond;Oui;mesures fixes;Max. journalier moy. hor.;13.5;13.475;µg-m3;100.0;100;100.0;A;1;48.799168;2.130556
2021/05/27 00:00:00;2021/05/27 23:59:59;AIRPARIF;FR11ZAG01;ZAG PARIS;FR04029;VERSAILLES;Périurbaine;NO2;Fond;Oui;mesures fixes;Max. journalier moy. hor.;57.6;57.55;µg-m3;100.0;100;100.0;A;1;48.799168;2.130556
2021/05/28 00:00:00;2021/05/28 23:59:59;AIRPARIF;FR11ZAG01;ZAG PARIS;FR04029;VERSAILLES;Périurbaine;NO2;Fond;Oui;mesures fixes;Max. journalier moy. hor.;48.9;48.925;µg-m3;100.0;100;100.0;A;1;48.799168;2.130556
2021/05/29 00:00:00;2021/05/29 23:59:59;AIRPARIF;FR11ZAG01;ZAG PARIS;FR04029;VERSAILLES;Périurbaine;NO2;Fond;Oui;mesures fixes;Max. journalier moy. hor.;32.1;32.075;µg-m3;100.0;100;100.0;A;1;48.799168;2.130556
2021/05/30 00:00:00;2021/05/30 23:59:59;AIRPARIF;FR11ZAG01;ZAG PARIS;FR04029;VERSAILLES;Périurbaine;NO2;Fond;Oui;mesures fixes;Max. journalier moy. hor.;32.3;32.3;µg-m3;100.0;100;100.0;A;1;48.799168;2.130556
2021/05/31 00:00:00;2021/05/31 23:59:59;AIRPARIF;FR11ZAG01;ZAG PARIS;FR04029;VERSAILLES;Périurbaine;NO2;Fond;Oui;mesures fixes;Max. journalier moy. hor.;39.6;39.6;µg-m3;100.0;100;100.0;A;1;48.799168;2.130556
2021/06/01 00:00:00;2021/06/01 23:59:59;AIRPARIF;FR11ZAG01;ZAG PARIS;FR04029;VERSAILLES;Périurbaine;NO2;Fond;Oui;mesures fixes;Max. journalier moy. hor.;39.2;39.2;µg-m3;100.0;100;100.0;A;1;48.799168;2.130556
2021/06/02 00:00:00;2021/06/02 23:59:59;AIRPARIF;FR11ZAG01;ZAG PARIS;FR04029;VERSAILLES;Périurbaine;NO2;Fond;Oui;mesures fixes;Max. journalier moy. hor.;31.9;31.9;µg-m3;100.0;100;100.0;A;1;48.799168;2.130556
2021/06/03 00:00:00;2021/06/03 23:59:59;AIRPARIF;FR11ZAG01;ZAG PARIS;FR04029;VERSAILLES;Périurbaine;NO2;Fond;Oui;mesures fixes;Max. journalier moy. hor.;33.2;33.225;µg-m3;100.0;100;100.0;A;1;48.799168;2.130556
2021/06/04 00:00:00;2021/06/04 23:59:59;AIRPARIF;FR11ZAG01;ZAG PARIS;FR04029;VERSAILLES;Périurbaine;NO2;Fond;Oui;mesures fixes;Max. journalier moy. hor.;30.8;30.825;µg-m3;100.0;100;100.0;A;1;48.799168;2.130556
2021/06/05 00:00:00;2021/06/05 23:59:59;AIRPARIF;FR11ZAG01;ZAG PARIS;FR04029;VERSAILLES;Périurbaine;NO2;Fond;Oui;mesures fixes;Max. journalier moy. hor.;18.0;18.0;µg-m3;100.0;100;100.0;A;1;48.799168;2.130556
2021/06/06 00:00:00;2021/06/06 23:59:59;AIRPARIF;FR11ZAG01;ZAG PARIS;FR04029;VERSAILLES;Périurbaine;NO2;Fond;Oui;mesures fixes;Max. journalier moy. hor.;11.0;11.0;µg-m3;100.0;100;100.0;A;1;48.799168;2.130556
2021/06/07 00:00:00;2021/06/07 23:59:59;AIRPARIF;FR11ZAG01;ZAG PARIS;FR04029;VERSAILLES;Périurbaine;NO2;Fond;Oui;mesures fixes;Max. journalier moy. hor.;29.8;29.825;µg-m3;100.0;100;100.0;A;1;48.799168;2.130556
2021/06/08 00:00:00;2021/06/08 23:59:59;AIRPARIF;FR11ZAG01;ZAG PARIS;FR04029;VERSAILLES;Périurbaine;NO2;Fond;Oui;mesures fixes;Max. journalier moy. hor.;22.9;22.9;µg-m3;100.0;100;100.0;A;1;48.799168;2.130556
2021/06/09 00:00:00;2021/06/09 23:59:59;AIRPARIF;FR11ZAG01;ZAG PARIS;FR04029;VERSAILLES;Périurbaine;NO2;Fond;Oui;mesures fixes;Max. journalier moy. hor.;41.7;41.725;µg-m3;100.0;100;100.0;A;1;48.799168;2.130556
2021/06/10 00:00:00;2021/06/10 23:59:59;AIRPARIF;FR11ZAG01;ZAG PARIS;FR04029;VERSAILLES;Périurbaine;NO2;Fond;Oui;mesures fixes;Max. journalier moy. hor.;31.4;31.375;µg-m3;100.0;100;100.0;A;1;48.799168;2.130556
2021/06/11 00:00:00;2021/06/11 23:59:59;AIRPARIF;FR11ZAG01;ZAG PARIS;FR04029;VERSAILLES;Périurbaine;NO2;Fond;Oui;mesures fixes;Max. journalier moy. hor.;20.8;20.8;µg-m3;92.0;100;92.0;A;1;48.799168;2.130556
2021/06/12 00:00:00;2021/06/12 23:59:59;AIRPARIF;FR11ZAG01;ZAG PARIS;FR04029;VERSAILLES;Périurbaine;NO2;Fond;Oui;mesures fixes;Max. journalier moy. hor.;19.1;19.125;µg-m3;100.0;100;100.0;A;1;48.799168;2.130556
2021/06/13 00:00:00;2021/06/13 23:59:59;AIRPARIF;FR11ZAG01;ZAG PARIS;FR04029;VERSAILLES;Périurbaine;NO2;Fond;Oui;mesures fixes;Max. journalier moy. hor.;39.2;39.175;µg-m3;100.0;100;100.0;A;1;48.799168;2.130556
2021/06/14 00:00:00;2021/06/14 23:59:59;AIRPARIF;FR11ZAG01;ZAG PARIS;FR04029;VERSAILLES;Périurbaine;NO2;Fond;Oui;mesures fixes;Max. journalier moy. hor.;38.1;38.1;µg-m3;100.0;100;100.0;A;1;48.799168;2.130556
2021/06/15 00:00:00;2021/06/15 23:59:59;AIRPARIF;FR11ZAG01;ZAG PARIS;FR04029;VERSAILLES;Périurbaine;NO2;Fond;Oui;mesures fixes;Max. journalier moy. hor.;23.7;23.7;µg-m3;100.0;100;100.0;A;1;48.799168;2.130556
2021/06/16 00:00:00;2021/06/16 23:59:59;AIRPARIF;FR11ZAG01;ZAG PARIS;FR04029;VERSAILLES;Périurbaine;NO2;Fond;Oui;mesures fixes;Max. journalier moy. hor.;52.6;52.625;µg-m3;100.0;100;100.0;A;1;48.799168;2.130556
2021/06/17 00:00:00;2021/06/17 23:59:59;AIRPARIF;FR11ZAG01;ZAG PARIS;FR04029;VERSAILLES;Périurbaine;NO2;Fond;Oui;mesures fixes;Max. journalier moy. hor.;18.9;18.85;µg-m3;100.0;100;100.0;A;1;48.799168;2.130556
2021/06/18 00:00:00;2021/06/18 23:59:59;AIRPARIF;FR11ZAG01;ZAG PARIS;FR04029;VERSAILLES;Périurbaine;NO2;Fond;Oui;mesures fixes;Max. journalier moy. hor.;27.0;26.95;µg-m3;100.0;100;100.0;A;1;48.799168;2.130556
2021/06/19 00:00:00;2021/06/19 23:59:59;AIRPARIF;FR11ZAG01;ZAG PARIS;FR04029;VERSAILLES;Périurbaine;NO2;Fond;Oui;mesures fixes;Max. journalier moy. hor.;23.9;23.875;µg-m3;100.0;100;100.0;A;1;48.799168;2.130556
2021/06/20 00:00:00;2021/06/20 23:59:59;AIRPARIF;FR11ZAG01;ZAG PARIS;FR04029;VERSAILLES;Périurbaine;NO2;Fond;Oui;mesures fixes;Max. journalier moy. hor.;20.2;20.15;µg-m3;100.0;100;100.0;A;1;48.799168;2.130556
2021/06/21 00:00:00;2021/06/21 23:59:59;AIRPARIF;FR11ZAG01;ZAG PARIS;FR04029;VERSAILLES;Périurbaine;NO2;Fond;Oui;mesures fixes;Max. journalier moy. hor.;16.2;16.175;µg-m3;100.0;100;100.0;A;1;48.799168;2.130556
2021/06/22 00:00:00;2021/06/22 23:59:59;AIRPARIF;FR11ZAG01;ZAG PARIS;FR04029;VERSAILLES;Périurbaine;NO2;Fond;Oui;mesures fixes;Max. journalier moy. hor.;30.2;30.2;µg-m3;100.0;100;100.0;A;1;48.799168;2.130556
2021/06/23 00:00:00;2021/06/23 23:59:59;AIRPARIF;FR11ZAG01;ZAG PARIS;FR04029;VERSAILLES;Périurbaine;NO2;Fond;Oui;mesures fixes;Max. journalier moy. hor.;21.8;21.775;µg-m3;100.0;100;100.0;A;1;48.799168;2.130556
2021/06/24 00:00:00;2021/06/24 23:59:59;AIRPARIF;FR11ZAG01;ZAG PARIS;FR04029;VERSAILLES;Périurbaine;NO2;Fond;Oui;mesures fixes;Max. journalier moy. hor.;22.2;22.175;µg-m3;96.0;100;96.0;A;1;48.799168;2.130556
2021/06/25 00:00:00;2021/06/25 23:59:59;AIRPARIF;FR11ZAG01;ZAG PARIS;FR04029;VERSAILLES;Périurbaine;NO2;Fond;Oui;mesures fixes;Max. journalier moy. hor.;41.0;41.0;µg-m3;100.0;100;100.0;A;1;48.799168;2.130556
2021/06/26 00:00:00;2021/06/26 23:59:59;AIRPARIF;FR11ZAG01;ZAG PARIS;FR04029;VERSAILLES;Périurbaine;NO2;Fond;Oui;mesures fixes;Max. journalier moy. hor.;24.9;24.85;µg-m3;100.0;100;100.0;A;1;48.799168;2.130556
2021/06/27 00:00:00;2021/06/27 23:59:59;AIRPARIF;FR11ZAG01;ZAG PARIS;FR04029;VERSAILLES;Périurbaine;NO2;Fond;Oui;mesures fixes;Max. journalier moy. hor.;19.1;19.075;µg-m3;100.0;100;100.0;A;1;48.799168;2.130556
2021/06/28 00:00:00;2021/06/28 23:59:59;AIRPARIF;FR11ZAG01;ZAG PARIS;FR04029;VERSAILLES;Périurbaine;NO2;Fond;Oui;mesures fixes;Max. journalier moy. hor.;13.4;13.35;µg-m3;100.0;100;100.0;A;1;48.799168;2.130556
2021/06/29 00:00:00;2021/06/29 23:59:59;AIRPARIF;FR11ZAG01;ZAG PARIS;FR04029;VERSAILLES;Périurbaine;NO2;Fond;Oui;mesures fixes;Max. journalier moy. hor.;25.7;25.675;µg-m3;100.0;100;100.0;A;1;48.799168;2.130556
2021/06/30 00:00:00;2021/06/30 23:59:59;AIRPARIF;FR11ZAG01;ZAG PARIS;FR04029;VERSAILLES;Périurbaine;NO2;Fond;Oui;mesures fixes;Max. journalier moy. hor.;17.0;16.975;µg-m3;100.0;100;100.0;A;1;48.799168;2.130556
2021/07/01 00:00:00;2021/07/01 23:59:59;AIRPARIF;FR11ZAG01;ZAG PARIS;FR04029;VERSAILLES;Périurbaine;NO2;Fond;Oui;mesures fixes;Max. journalier moy. hor.;38.8;38.825;µg-m3;100.0;100;100.0;A;1;48.799168;2.130556
2021/07/02 00:00:00;2021/07/02 23:59:59;AIRPARIF;FR11ZAG01;ZAG PARIS;FR04029;VERSAILLES;Périurbaine;NO2;Fond;Oui;mesures fixes;Max. journalier moy. hor.;44.0;44.0;µg-m3;100.0;100;100.0;A;1;48.799168;2.130556
2021/07/03 00:00:00;2021/07/03 23:59:59;AIRPARIF;FR11ZAG01;ZAG PARIS;FR04029;VERSAILLES;Périurbaine;NO2;Fond;Oui;mesures fixes;Max. journalier moy. hor.;23.1;23.05;µg-m3;100.0;100;100.0;A;1;48.799168;2.130556
2021/07/04 00:00:00;2021/07/04 23:59:59;AIRPARIF;FR11ZAG01;ZAG PARIS;FR04029;VERSAILLES;Périurbaine;NO2;Fond;Oui;mesures fixes;Max. journalier moy. hor.;12.7;12.65;µg-m3;100.0;100;100.0;A;1;48.799168;2.130556
2021/07/05 00:00:00;2021/07/05 23:59:59;AIRPARIF;FR11ZAG01;ZAG PARIS;FR04029;VERSAILLES;Périurbaine;NO2;Fond;Oui;mesures fixes;Max. journalier moy. hor.;23.5;23.475;µg-m3;100.0;100;100.0;A;1;48.799168;2.130556
2021/07/06 00:00:00;2021/07/06 23:59:59;AIRPARIF;FR11ZAG01;ZAG PARIS;FR04029;VERSAILLES;Périurbaine;NO2;Fond;Oui;mesures fixes;Max. journalier moy. hor.;13.5;13.45;µg-m3;100.0;100;100.0;R;1;48.799168;2.130556
2021/07/07 00:00:00;2021/07/07 23:59:59;AIRPARIF;FR11ZAG01;ZAG PARIS;FR04029;VERSAILLES;Périurbaine;NO2;Fond;Oui;mesures fixes;Max. journalier moy. hor.;25.7;25.7;µg-m3;100.0;100;100.0;A;1;48.799168;2.130556
2021/07/08 00:00:00;2021/07/08 23:59:59;AIRPARIF;FR11ZAG01;ZAG PARIS;FR04029;VERSAILLES;Périurbaine;NO2;Fond;Oui;mesures fixes;Max. journalier moy. hor.;31.6;31.55;µg-m3;100.0;100;100.0;A;1;48.799168;2.130556
2021/07/09 00:00:00;2021/07/09 23:59:59;AIRPARIF;FR11ZAG01;ZAG PARIS;FR04029;VERSAILLES;Périurbaine;NO2;Fond;Oui;mesures fixes;Max. journalier moy. hor.;58.4;58.425;µg-m3;100.0;100;100.0;A;1;48.799168;2.130556
2021/07/10 00:00:00;2021/07/10 23:59:59;AIRPARIF;FR11ZAG01;ZAG PARIS;FR04029;VERSAILLES;Périurbaine;NO2;Fond;Oui;mesures fixes;Max. journalier moy. hor.;28.6;28.6;µg-m3;100.0;100;100.0;A;1;48.799168;2.130556
2021/07/11 00:00:00;2021/07/11 23:59:59;AIRPARIF;FR11ZAG01;ZAG PARIS;FR04029;VERSAILLES;Périurbaine;NO2;Fond;Oui;mesures fixes;Max. journalier moy. hor.;23.5;23.5;µg-m3;100.0;100;100.0;A;1;48.799168;2.130556
2021/07/12 00:00:00;2021/07/12 23:59:59;AIRPARIF;FR11ZAG01;ZAG PARIS;FR04029;VERSAILLES;Périurbaine;NO2;Fond;Oui;mesures fixes;Max. journalier moy. hor.;29.2;29.175;µg-m3;100.0;100;100.0;A;1;48.799168;2.130556
2021/07/13 00:00:00;2021/07/13 23:59:59;AIRPARIF;FR11ZAG01;ZAG PARIS;FR04029;VERSAILLES;Périurbaine;NO2;Fond;Oui;mesures fixes;Max. journalier moy. hor.;19.2;19.15;µg-m3;100.0;100;100.0;A;1;48.799168;2.130556
2021/07/14 00:00:00;2021/07/14 23:59:59;AIRPARIF;FR11ZAG01;ZAG PARIS;FR04029;VERSAILLES;Périurbaine;NO2;Fond;Oui;mesures fixes;Max. journalier moy. hor.;12.9;12.9;µg-m3;100.0;100;100.0;A;1;48.799168;2.130556
2021/07/15 00:00:00;2021/07/15 23:59:59;AIRPARIF;FR11ZAG01;ZAG PARIS;FR04029;VERSAILLES;Périurbaine;NO2;Fond;Oui;mesures fixes;Max. journalier moy. hor.;14.6;14.55;µg-m3;100.0;100;100.0;A;1;48.799168;2.130556
2021/07/16 00:00:00;2021/07/16 23:59:59;AIRPARIF;FR11ZAG01;ZAG PARIS;FR04029;VERSAILLES;Périurbaine;NO2;Fond;Oui;mesures fixes;Max. journalier moy. hor.;26.7;26.725;µg-m3;100.0;100;100.0;A;1;48.799168;2.130556
2021/07/17 00:00:00;2021/07/17 23:59:59;AIRPARIF;FR11ZAG01;ZAG PARIS;FR04029;VERSAILLES;Périurbaine;NO2;Fond;Oui;mesures fixes;Max. journalier moy. hor.;15.7;15.725;µg-m3;100.0;100;100.0;A;1;48.799168;2.130556
2021/07/18 00:00:00;2021/07/18 23:59:59;AIRPARIF;FR11ZAG01;ZAG PARIS;FR04029;VERSAILLES;Périurbaine;NO2;Fond;Oui;mesures fixes;Max. journalier moy. hor.;11.3;11.25;µg-m3;100.0;100;100.0;A;1;48.799168;2.130556
2021/07/19 00:00:00;2021/07/19 23:59:59;AIRPARIF;FR11ZAG01;ZAG PARIS;FR04029;VERSAILLES;Périurbaine;NO2;Fond;Oui;mesures fixes;Max. journalier moy. hor.;26.9;26.875;µg-m3;100.0;100;100.0;A;1;48.799168;2.130556
2021/07/20 00:00:00;2021/07/20 23:59:59;AIRPARIF;FR11ZAG01;ZAG PARIS;FR04029;VERSAILLES;Périurbaine;NO2;Fond;Oui;mesures fixes;Max. journalier moy. hor.;38.8;38.8;µg-m3;100.0;100;100.0;A;1;48.799168;2.130556
2021/07/21 00:00:00;2021/07/21 23:59:59;AIRPARIF;FR11ZAG01;ZAG PARIS;FR04029;VERSAILLES;Périurbaine;NO2;Fond;Oui;mesures fixes;Max. journalier moy. hor.;41.5;41.45;µg-m3;100.0;100;100.0;A;1;48.799168;2.130556
2021/07/22 00:00:00;2021/07/22 23:59:59;AIRPARIF;FR11ZAG01;ZAG PARIS;FR04029;VERSAILLES;Périurbaine;NO2;Fond;Oui;mesures fixes;Max. journalier moy. hor.;39.2;39.15;µg-m3;100.0;100;100.0;A;1;48.799168;2.130556
2021/07/23 00:00:00;2021/07/23 23:59:59;AIRPARIF;FR11ZAG01;ZAG PARIS;FR04029;VERSAILLES;Périurbaine;NO2;Fond;Oui;mesures fixes;Max. journalier moy. hor.;39.7;39.675;µg-m3;100.0;100;100.0;A;1;48.799168;2.130556
2021/07/24 00:00:00;2021/07/24 23:59:59;AIRPARIF;FR11ZAG01;ZAG PARIS;FR04029;VERSAILLES;Périurbaine;NO2;Fond;Oui;mesures fixes;Max. journalier moy. hor.;19.0;19.0;µg-m3;100.0;100;100.0;A;1;48.799168;2.130556
2021/07/25 00:00:00;2021/07/25 23:59:59;AIRPARIF;FR11ZAG01;ZAG PARIS;FR04029;VERSAILLES;Périurbaine;NO2;Fond;Oui;mesures fixes;Max. journalier moy. hor.;8.9;8.9;µg-m3;100.0;100;100.0;A;1;48.799168;2.130556
2021/07/26 00:00:00;2021/07/26 23:59:59;AIRPARIF;FR11ZAG01;ZAG PARIS;FR04029;VERSAILLES;Périurbaine;NO2;Fond;Oui;mesures fixes;Max. journalier moy. hor.;30.1;30.075;µg-m3;100.0;100;100.0;A;1;48.799168;2.130556
2021/07/27 00:00:00;2021/07/27 23:59:59;AIRPARIF;FR11ZAG01;ZAG PARIS;FR04029;VERSAILLES;Périurbaine;NO2;Fond;Oui;mesures fixes;Max. journalier moy. hor.;13.9;13.9;µg-m3;100.0;100;100.0;A;1;48.799168;2.130556
2021/07/28 00:00:00;2021/07/28 23:59:59;AIRPARIF;FR11ZAG01;ZAG PARIS;FR04029;VERSAILLES;Périurbaine;NO2;Fond;Oui;mesures fixes;Max. journalier moy. hor.;10.0;10.0;µg-m3;100.0;100;100.0;A;1;48.799168;2.130556
2021/07/29 00:00:00;2021/07/29 23:59:59;AIRPARIF;FR11ZAG01;ZAG PARIS;FR04029;VERSAILLES;Périurbaine;NO2;Fond;Oui;mesures fixes;Max. journalier moy. hor.;25.2;25.15;µg-m3;100.0;100;100.0;A;1;48.799168;2.130556
2021/07/30 00:00:00;2021/07/30 23:59:59;AIRPARIF;FR11ZAG01;ZAG PARIS;FR04029;VERSAILLES;Périurbaine;NO2;Fond;Oui;mesures fixes;Max. journalier moy. hor.;11.7;11.675;µg-m3;100.0;100;100.0;A;1;48.799168;2.130556
2021/07/31 00:00:00;2021/07/31 23:59:59;AIRPARIF;FR11ZAG01;ZAG PARIS;FR04029;VERSAILLES;Périurbaine;NO2;Fond;Oui;mesures fixes;Max. journalier moy. hor.;14.3;14.25;µg-m3;100.0;100;100.0;A;1;48.799168;2.130556
2021/08/01 00:00:00;2021/08/01 23:59:59;AIRPARIF;FR11ZAG01;ZAG PARIS;FR04029;VERSAILLES;Périurbaine;NO2;Fond;Oui;mesures fixes;Max. journalier moy. hor.;12.3;12.25;µg-m3;100.0;100;100.0;A;1;48.799168;2.130556
2021/08/02 00:00:00;2021/08/02 23:59:59;AIRPARIF;FR11ZAG01;ZAG PARIS;FR04029;VERSAILLES;Périurbaine;NO2;Fond;Oui;mesures fixes;Max. journalier moy. hor.;26.4;26.425;µg-m3;100.0;100;100.0;A;1;48.799168;2.130556
2021/08/03 00:00:00;2021/08/03 23:59:59;AIRPARIF;FR11ZAG01;ZAG PARIS;FR04029;VERSAILLES;Périurbaine;NO2;Fond;Oui;mesures fixes;Max. journalier moy. hor.;17.1;17.075;µg-m3;92.0;100;92.0;A;1;48.799168;2.130556
2021/08/04 00:00:00;2021/08/04 23:59:59;AIRPARIF;FR11ZAG01;ZAG PARIS;FR04029;VERSAILLES;Périurbaine;NO2;Fond;Oui;mesures fixes;Max. journalier moy. hor.;37.7;37.725;µg-m3;100.0;100;100.0;A;1;48.799168;2.130556
2021/08/05 00:00:00;2021/08/05 23:59:59;AIRPARIF;FR11ZAG01;ZAG PARIS;FR04029;VERSAILLES;Périurbaine;NO2;Fond;Oui;mesures fixes;Max. journalier moy. hor.;22.3;22.25;µg-m3;100.0;100;100.0;A;1;48.799168;2.130556
2021/08/06 00:00:00;2021/08/06 23:59:59;AIRPARIF;FR11ZAG01;ZAG PARIS;FR04029;VERSAILLES;Périurbaine;NO2;Fond;Oui;mesures fixes;Max. journalier moy. hor.;5.0;4.95;µg-m3;100.0;100;100.0;A;1;48.799168;2.130556
2021/08/07 00:00:00;2021/08/07 23:59:59;AIRPARIF;FR11ZAG01;ZAG PARIS;FR04029;VERSAILLES;Périurbaine;NO2;Fond;Oui;mesures fixes;Max. journalier moy. hor.;5.9;5.925;µg-m3;100.0;100;100.0;A;1;48.799168;2.130556
2021/08/08 00:00:00;2021/08/08 23:59:59;AIRPARIF;FR11ZAG01;ZAG PARIS;FR04029;VERSAILLES;Périurbaine;NO2;Fond;Oui;mesures fixes;Max. journalier moy. hor.;8.5;8.5;µg-m3;100.0;100;100.0;A;1;48.799168;2.130556
2021/08/09 00:00:00;2021/08/09 23:59:59;AIRPARIF;FR11ZAG01;ZAG PARIS;FR04029;VERSAILLES;Périurbaine;NO2;Fond;Oui;mesures fixes;Max. journalier moy. hor.;6.8;6.8;µg-m3;100.0;100;100.0;A;1;48.799168;2.130556
2021/08/10 00:00:00;2021/08/10 23:59:59;AIRPARIF;FR11ZAG01;ZAG PARIS;FR04029;VERSAILLES;Périurbaine;NO2;Fond;Oui;mesures fixes;Max. journalier moy. hor.;18.7;18.65;µg-m3;100.0;100;100.0;A;1;48.799168;2.130556
2021/08/11 00:00:00;2021/08/11 23:59:59;AIRPARIF;FR11ZAG01;ZAG PARIS;FR04029;VERSAILLES;Périurbaine;NO2;Fond;Oui;mesures fixes;Max. journalier moy. hor.;37.3;37.325;µg-m3;100.0;100;100.0;A;1;48.799168;2.130556
2021/08/12 00:00:00;2021/08/12 23:59:59;AIRPARIF;FR11ZAG01;ZAG PARIS;FR04029;VERSAILLES;Périurbaine;NO2;Fond;Oui;mesures fixes;Max. journalier moy. hor.;36.9;36.85;µg-m3;100.0;100;100.0;A;1;48.799168;2.130556
2021/08/13 00:00:00;2021/08/13 23:59:59;AIRPARIF;FR11ZAG01;ZAG PARIS;FR04029;VERSAILLES;Périurbaine;NO2;Fond;Oui;mesures fixes;Max. journalier moy. hor.;19.5;19.5;µg-m3;100.0;100;100.0;A;1;48.799168;2.130556
2021/08/14 00:00:00;2021/08/14 23:59:59;AIRPARIF;FR11ZAG01;ZAG PARIS;FR04029;VERSAILLES;Périurbaine;NO2;Fond;Oui;mesures fixes;Max. journalier moy. hor.;35.2;35.225;µg-m3;100.0;100;100.0;A;1;48.799168;2.130556
2021/08/15 00:00:00;2021/08/15 23:59:59;AIRPARIF;FR11ZAG01;ZAG PARIS;FR04029;VERSAILLES;Périurbaine;NO2;Fond;Oui;mesures fixes;Max. journalier moy. hor.;38.5;38.475;µg-m3;100.0;100;100.0;A;1;48.799168;2.130556
2021/08/16 00:00:00;2021/08/16 23:59:59;AIRPARIF;FR11ZAG01;ZAG PARIS;FR04029;VERSAILLES;Périurbaine;NO2;Fond;Oui;mesures fixes;Max. journalier moy. hor.;7.5;7.475;µg-m3;100.0;100;100.0;A;1;48.799168;2.130556
2021/08/17 00:00:00;2021/08/17 23:59:59;AIRPARIF;FR11ZAG01;ZAG PARIS;FR04029;VERSAILLES;Périurbaine;NO2;Fond;Oui;mesures fixes;Max. journalier moy. hor.;19.2;19.225;µg-m3;100.0;100;100.0;A;1;48.799168;2.130556
2021/08/18 00:00:00;2021/08/18 23:59:59;AIRPARIF;FR11ZAG01;ZAG PARIS;FR04029;VERSAILLES;Périurbaine;NO2;Fond;Oui;mesures fixes;Max. journalier moy. hor.;12.4;12.375;µg-m3;100.0;100;100.0;A;1;48.799168;2.130556
2021/08/19 00:00:00;2021/08/19 23:59:59;AIRPARIF;FR11ZAG01;ZAG PARIS;FR04029;VERSAILLES;Périurbaine;NO2;Fond;Oui;mesures fixes;Max. journalier moy. hor.;12.7;12.7;µg-m3;100.0;100;100.0;A;1;48.799168;2.130556
2021/08/20 00:00:00;2021/08/20 23:59:59;AIRPARIF;FR11ZAG01;ZAG PARIS;FR04029;VERSAILLES;Périurbaine;NO2;Fond;Oui;mesures fixes;Max. journalier moy. hor.;33.6;33.6;µg-m3;100.0;100;100.0;A;1;48.799168;2.130556
2021/08/21 00:00:00;2021/08/21 23:59:59;AIRPARIF;FR11ZAG01;ZAG PARIS;FR04029;VERSAILLES;Périurbaine;NO2;Fond;Oui;mesures fixes;Max. journalier moy. hor.;19.8;19.825;µg-m3;100.0;100;100.0;A;1;48.799168;2.130556
2021/08/22 00:00:00;2021/08/22 23:59:59;AIRPARIF;FR11ZAG01;ZAG PARIS;FR04029;VERSAILLES;Périurbaine;NO2;Fond;Oui;mesures fixes;Max. journalier moy. hor.;7.4;7.375;µg-m3;100.0;100;100.0;A;1;48.799168;2.130556
2021/08/23 00:00:00;2021/08/23 23:59:59;AIRPARIF;FR11ZAG01;ZAG PARIS;FR04029;VERSAILLES;Périurbaine;NO2;Fond;Oui;mesures fixes;Max. journalier moy. hor.;15.8;15.75;µg-m3;100.0;100;100.0;A;1;48.799168;2.130556
2021/08/24 00:00:00;2021/08/24 23:59:59;AIRPARIF;FR11ZAG01;ZAG PARIS;FR04029;VERSAILLES;Périurbaine;NO2;Fond;Oui;mesures fixes;Max. journalier moy. hor.;20.4;20.35;µg-m3;100.0;100;100.0;R;1;48.799168;2.130556
2021/08/25 00:00:00;2021/08/25 23:59:59;AIRPARIF;FR11ZAG01;ZAG PARIS;FR04029;VERSAILLES;Périurbaine;NO2;Fond;Oui;mesures fixes;Max. journalier moy. hor.;28.4;28.375;µg-m3;100.0;100;100.0;A;1;48.799168;2.130556
2021/08/26 00:00:00;2021/08/26 23:59:59;AIRPARIF;FR11ZAG01;ZAG PARIS;FR04029;VERSAILLES;Périurbaine;NO2;Fond;Oui;mesures fixes;Max. journalier moy. hor.;18.0;17.975;µg-m3;100.0;100;100.0;A;1;48.799168;2.130556
2021/08/27 00:00:00;2021/08/27 23:59:59;AIRPARIF;FR11ZAG01;ZAG PARIS;FR04029;VERSAILLES;Périurbaine;NO2;Fond;Oui;mesures fixes;Max. journalier moy. hor.;19.2;19.175;µg-m3;96.0;100;96.0;A;1;48.799168;2.130556
2021/08/28 00:00:00;2021/08/28 23:59:59;AIRPARIF;FR11ZAG01;ZAG PARIS;FR04029;VERSAILLES;Périurbaine;NO2;Fond;Oui;mesures fixes;Max. journalier moy. hor.;18.6;18.625;µg-m3;100.0;100;100.0;A;1;48.799168;2.130556
2021/08/29 00:00:00;2021/08/29 23:59:59;AIRPARIF;FR11ZAG01;ZAG PARIS;FR04029;VERSAILLES;Périurbaine;NO2;Fond;Oui;mesures fixes;Max. journalier moy. hor.;9.4;9.4;µg-m3;100.0;100;100.0;A;1;48.799168;2.130556
2021/08/30 00:00:00;2021/08/30 23:59:59;AIRPARIF;FR11ZAG01;ZAG PARIS;FR04029;VERSAILLES;Périurbaine;NO2;Fond;Oui;mesures fixes;Max. journalier moy. hor.;22.2;22.15;µg-m3;100.0;100;100.0;A;1;48.799168;2.130556
2021/08/31 00:00:00;2021/08/31 23:59:59;AIRPARIF;FR11ZAG01;ZAG PARIS;FR04029;VERSAILLES;Périurbaine;NO2;Fond;Oui;mesures fixes;Max. journalier moy. hor.;22.1;22.1;µg-m3;100.0;100;100.0;A;1;48.799168;2.130556
2021/09/01 00:00:00;2021/09/01 23:59:59;AIRPARIF;FR11ZAG01;ZAG PARIS;FR04029;VERSAILLES;Périurbaine;NO2;Fond;Oui;mesures fixes;Max. journalier moy. hor.;18.6;18.55;µg-m3;100.0;100;100.0;A;1;48.799168;2.130556
2021/09/02 00:00:00;2021/09/02 23:59:59;AIRPARIF;FR11ZAG01;ZAG PARIS;FR04029;VERSAILLES;Périurbaine;NO2;Fond;Oui;mesures fixes;Max. journalier moy. hor.;26.8;26.825;µg-m3;100.0;100;100.0;A;1;48.799168;2.130556
2021/09/03 00:00:00;2021/09/03 23:59:59;AIRPARIF;FR11ZAG01;ZAG PARIS;FR04029;VERSAILLES;Périurbaine;NO2;Fond;Oui;mesures fixes;Max. journalier moy. hor.;47.3;47.275;µg-m3;100.0;100;100.0;A;1;48.799168;2.130556
2021/09/04 00:00:00;2021/09/04 23:59:59;AIRPARIF;FR11ZAG01;ZAG PARIS;FR04029;VERSAILLES;Périurbaine;NO2;Fond;Oui;mesures fixes;Max. journalier moy. hor.;32.3;32.3;µg-m3;100.0;100;100.0;A;1;48.799168;2.130556
2021/09/05 00:00:00;2021/09/05 23:59:59;AIRPARIF;FR11ZAG01;ZAG PARIS;FR04029;VERSAILLES;Périurbaine;NO2;Fond;Oui;mesures fixes;Max. journalier moy. hor.;32.9;32.875;µg-m3;100.0;100;100.0;A;1;48.799168;2.130556
2021/09/06 00:00:00;2021/09/06 23:59:59;AIRPARIF;FR11ZAG01;ZAG PARIS;FR04029;VERSAILLES;Périurbaine;NO2;Fond;Oui;mesures fixes;Max. journalier moy. hor.;55.8;55.825;µg-m3;100.0;100;100.0;A;1;48.799168;2.130556
2021/09/07 00:00:00;2021/09/07 23:59:59;AIRPARIF;FR11ZAG01;ZAG PARIS;FR04029;VERSAILLES;Périurbaine;NO2;Fond;Oui;mesures fixes;Max. journalier moy. hor.;59.0;58.975;µg-m3;100.0;100;100.0;A;1;48.799168;2.130556
2021/09/08 00:00:00;2021/09/08 23:59:59;AIRPARIF;FR11ZAG01;ZAG PARIS;FR04029;VERSAILLES;Périurbaine;NO2;Fond;Oui;mesures fixes;Max. journalier moy. hor.;44.2;44.225;µg-m3;100.0;100;100.0;R;1;48.799168;2.130556
2021/09/09 00:00:00;2021/09/09 23:59:59;AIRPARIF;FR11ZAG01;ZAG PARIS;FR04029;VERSAILLES;Périurbaine;NO2;Fond;Oui;mesures fixes;Max. journalier moy. hor.;13.7;13.725;µg-m3;100.0;100;100.0;A;1;48.799168;2.130556
2021/09/10 00:00:00;2021/09/10 23:59:59;AIRPARIF;FR11ZAG01;ZAG PARIS;FR04029;VERSAILLES;Périurbaine;NO2;Fond;Oui;mesures fixes;Max. journalier moy. hor.;14.5;14.5;µg-m3;100.0;100;100.0;A;1;48.799168;2.130556
2021/09/11 00:00:00;2021/09/11 23:59:59;AIRPARIF;FR11ZAG01;ZAG PARIS;FR04029;VERSAILLES;Périurbaine;NO2;Fond;Oui;mesures fixes;Max. journalier moy. hor.;43.6;43.575;µg-m3;100.0;100;100.0;A;1;48.799168;2.130556
2021/09/12 00:00:00;2021/09/12 23:59:59;AIRPARIF;FR11ZAG01;ZAG PARIS;FR04029;VERSAILLES;Périurbaine;NO2;Fond;Oui;mesures fixes;Max. journalier moy. hor.;47.7;47.7;µg-m3;100.0;100;100.0;A;1;48.799168;2.130556
2021/09/13 00:00:00;2021/09/13 23:59:59;AIRPARIF;FR11ZAG01;ZAG PARIS;FR04029;VERSAILLES;Périurbaine;NO2;Fond;Oui;mesures fixes;Max. journalier moy. hor.;48.9;48.9;µg-m3;96.0;100;96.0;R;1;48.799168;2.130556
2021/09/14 00:00:00;2021/09/14 23:59:59;AIRPARIF;FR11ZAG01;ZAG PARIS;FR04029;VERSAILLES;Périurbaine;NO2;Fond;Oui;mesures fixes;Max. journalier moy. hor.;37.8;37.75;µg-m3;100.0;100;100.0;A;1;48.799168;2.130556
2021/09/15 00:00:00;2021/09/15 23:59:59;AIRPARIF;FR11ZAG01;ZAG PARIS;FR04029;VERSAILLES;Périurbaine;NO2;Fond;Oui;mesures fixes;Max. journalier moy. hor.;28.9;28.875;µg-m3;100.0;100;100.0;A;1;48.799168;2.130556
2021/09/16 00:00:00;2021/09/16 23:59:59;AIRPARIF;FR11ZAG01;ZAG PARIS;FR04029;VERSAILLES;Périurbaine;NO2;Fond;Oui;mesures fixes;Max. journalier moy. hor.;58.4;58.35;µg-m3;100.0;100;100.0;A;1;48.799168;2.130556
2021/09/17 00:00:00;2021/09/17 23:59:59;AIRPARIF;FR11ZAG01;ZAG PARIS;FR04029;VERSAILLES;Périurbaine;NO2;Fond;Oui;mesures fixes;Max. journalier moy. hor.;52.9;52.85;µg-m3;96.0;100;96.0;A;1;48.799168;2.130556
2021/09/18 00:00:00;2021/09/18 23:59:59;AIRPARIF;FR11ZAG01;ZAG PARIS;FR04029;VERSAILLES;Périurbaine;NO2;Fond;Oui;mesures fixes;Max. journalier moy. hor.;49.1;49.1;µg-m3;100.0;100;100.0;A;1;48.799168;2.130556
2021/09/19 00:00:00;2021/09/19 23:59:59;AIRPARIF;FR11ZAG01;ZAG PARIS;FR04029;VERSAILLES;Périurbaine;NO2;Fond;Oui;mesures fixes;Max. journalier moy. hor.;14.4;14.425;µg-m3;100.0;100;100.0;A;1;48.799168;2.130556
2021/09/20 00:00:00;2021/09/20 23:59:59;AIRPARIF;FR11ZAG01;ZAG PARIS;FR04029;VERSAILLES;Périurbaine;NO2;Fond;Oui;mesures fixes;Max. journalier moy. hor.;23.4;23.425;µg-m3;100.0;100;100.0;A;1;48.799168;2.130556
2021/09/21 00:00:00;2021/09/21 23:59:59;AIRPARIF;FR11ZAG01;ZAG PARIS;FR04029;VERSAILLES;Périurbaine;NO2;Fond;Oui;mesures fixes;Max. journalier moy. hor.;49.1;49.125;µg-m3;100.0;100;100.0;A;1;48.799168;2.130556
2021/09/22 00:00:00;2021/09/22 23:59:59;AIRPARIF;FR11ZAG01;ZAG PARIS;FR04029;VERSAILLES;Périurbaine;NO2;Fond;Oui;mesures fixes;Max. journalier moy. hor.;47.5;47.45;µg-m3;83.0;100;83.0;A;1;48.799168;2.130556
2021/09/23 00:00:00;2021/09/23 23:59:59;AIRPARIF;FR11ZAG01;ZAG PARIS;FR04029;VERSAILLES;Périurbaine;NO2;Fond;Oui;mesures fixes;Max. journalier moy. hor.;38.8;38.775;µg-m3;100.0;100;100.0;A;1;48.799168;2.130556
2021/09/24 00:00:00;2021/09/24 23:59:59;AIRPARIF;FR11ZAG01;ZAG PARIS;FR04029;VERSAILLES;Périurbaine;NO2;Fond;Oui;mesures fixes;Max. journalier moy. hor.;52.9;52.925;µg-m3;100.0;100;100.0;A;1;48.799168;2.130556
2021/09/25 00:00:00;2021/09/25 23:59:59;AIRPARIF;FR11ZAG01;ZAG PARIS;FR04029;VERSAILLES;Périurbaine;NO2;Fond;Oui;mesures fixes;Max. journalier moy. hor.;63.4;63.35;µg-m3;100.0;100;100.0;A;1;48.799168;2.130556
2021/09/26 00:00:00;2021/09/26 23:59:59;AIRPARIF;FR11ZAG01;ZAG PARIS;FR04029;VERSAILLES;Périurbaine;NO2;Fond;Oui;mesures fixes;Max. journalier moy. hor.;12.4;12.425;µg-m3;100.0;100;100.0;A;1;48.799168;2.130556
2021/09/27 00:00:00;2021/09/27 23:59:59;AIRPARIF;FR11ZAG01;ZAG PARIS;FR04029;VERSAILLES;Périurbaine;NO2;Fond;Oui;mesures fixes;Max. journalier moy. hor.;44.4;44.375;µg-m3;100.0;100;100.0;A;1;48.799168;2.130556
2021/09/28 00:00:00;2021/09/28 23:59:59;AIRPARIF;FR11ZAG01;ZAG PARIS;FR04029;VERSAILLES;Périurbaine;NO2;Fond;Oui;mesures fixes;Max. journalier moy. hor.;47.4;47.425;µg-m3;100.0;100;100.0;A;1;48.799168;2.130556
2021/09/29 00:00:00;2021/09/29 23:59:59;AIRPARIF;FR11ZAG01;ZAG PARIS;FR04029;VERSAILLES;Périurbaine;NO2;Fond;Oui;mesures fixes;Max. journalier moy. hor.;30.3;30.275;µg-m3;100.0;100;100.0;A;1;48.799168;2.130556
2021/09/30 00:00:00;2021/09/30 23:59:59;AIRPARIF;FR11ZAG01;ZAG PARIS;FR04029;VERSAILLES;Périurbaine;NO2;Fond;Oui;mesures fixes;Max. journalier moy. hor.;49.9;49.925;µg-m3;96.0;100;96.0;A;1;48.799168;2.130556
2021/10/01 00:00:00;2021/10/01 23:59:59;AIRPARIF;FR11ZAG01;ZAG PARIS;FR04029;VERSAILLES;Périurbaine;NO2;Fond;Oui;mesures fixes;Max. journalier moy. hor.;22.2;22.15;µg-m3;100.0;100;100.0;A;1;48.799168;2.130556
2021/10/02 00:00:00;2021/10/02 23:59:59;AIRPARIF;FR11ZAG01;ZAG PARIS;FR04029;VERSAILLES;Périurbaine;NO2;Fond;Oui;mesures fixes;Max. journalier moy. hor.;8.0;8.025;µg-m3;100.0;100;100.0;A;1;48.799168;2.130556
2021/10/03 00:00:00;2021/10/03 23:59:59;AIRPARIF;FR11ZAG01;ZAG PARIS;FR04029;VERSAILLES;Périurbaine;NO2;Fond;Oui;mesures fixes;Max. journalier moy. hor.;12.7;12.7;µg-m3;100.0;100;100.0;A;1;48.799168;2.130556
2021/10/04 00:00:00;2021/10/04 23:59:59;AIRPARIF;FR11ZAG01;ZAG PARIS;FR04029;VERSAILLES;Périurbaine;NO2;Fond;Oui;mesures fixes;Max. journalier moy. hor.;20.2;20.225;µg-m3;100.0;100;100.0;A;1;48.799168;2.130556
2021/10/05 00:00:00;2021/10/05 23:59:59;AIRPARIF;FR11ZAG01;ZAG PARIS;FR04029;VERSAILLES;Périurbaine;NO2;Fond;Oui;mesures fixes;Max. journalier moy. hor.;19.3;19.275;µg-m3;100.0;100;100.0;A;1;48.799168;2.130556
2021/10/06 00:00:00;2021/10/06 23:59:59;AIRPARIF;FR11ZAG01;ZAG PARIS;FR04029;VERSAILLES;Périurbaine;NO2;Fond;Oui;mesures fixes;Max. journalier moy. hor.;35.4;35.425;µg-m3;100.0;100;100.0;A;1;48.799168;2.130556
2021/10/07 00:00:00;2021/10/07 23:59:59;AIRPARIF;FR11ZAG01;ZAG PARIS;FR04029;VERSAILLES;Périurbaine;NO2;Fond;Oui;mesures fixes;Max. journalier moy. hor.;61.1;61.05;µg-m3;100.0;100;100.0;A;1;48.799168;2.130556
2021/10/08 00:00:00;2021/10/08 23:59:59;AIRPARIF;FR11ZAG01;ZAG PARIS;FR04029;VERSAILLES;Périurbaine;NO2;Fond;Oui;mesures fixes;Max. journalier moy. hor.;42.3;42.3;µg-m3;100.0;100;100.0;A;1;48.799168;2.130556
2021/10/09 00:00:00;2021/10/09 23:59:59;AIRPARIF;FR11ZAG01;ZAG PARIS;FR04029;VERSAILLES;Périurbaine;NO2;Fond;Oui;mesures fixes;Max. journalier moy. hor.;58.7;58.675;µg-m3;100.0;100;100.0;A;1;48.799168;2.130556
2021/10/10 00:00:00;2021/10/10 23:59:59;AIRPARIF;FR11ZAG01;ZAG PARIS;FR04029;VERSAILLES;Périurbaine;NO2;Fond;Oui;mesures fixes;Max. journalier moy. hor.;50.7;50.725;µg-m3;100.0;100;100.0;A;1;48.799168;2.130556
2021/10/11 00:00:00;2021/10/11 23:59:59;AIRPARIF;FR11ZAG01;ZAG PARIS;FR04029;VERSAILLES;Périurbaine;NO2;Fond;Oui;mesures fixes;Max. journalier moy. hor.;42.0;42.0;µg-m3;100.0;100;100.0;R;1;48.799168;2.130556
2021/10/12 00:00:00;2021/10/12 23:59:59;AIRPARIF;FR11ZAG01;ZAG PARIS;FR04029;VERSAILLES;Périurbaine;NO2;Fond;Oui;mesures fixes;Max. journalier moy. hor.;33.4;33.35;µg-m3;100.0;100;100.0;R;1;48.799168;2.130556
2021/10/13 00:00:00;2021/10/13 23:59:59;AIRPARIF;FR11ZAG01;ZAG PARIS;FR04029;VERSAILLES;Périurbaine;NO2;Fond;Oui;mesures fixes;Max. journalier moy. hor.;65.4;65.35;µg-m3;100.0;100;100.0;R;1;48.799168;2.130556
2021/10/14 00:00:00;2021/10/14 23:59:59;AIRPARIF;FR11ZAG01;ZAG PARIS;FR04029;VERSAILLES;Périurbaine;NO2;Fond;Oui;mesures fixes;Max. journalier moy. hor.;70.9;70.875;µg-m3;100.0;100;100.0;A;1;48.799168;2.130556
2021/10/15 00:00:00;2021/10/15 23:59:59;AIRPARIF;FR11ZAG01;ZAG PARIS;FR04029;VERSAILLES;Périurbaine;NO2;Fond;Oui;mesures fixes;Max. journalier moy. hor.;61.3;61.275;µg-m3;96.0;100;96.0;R;1;48.799168;2.130556
2021/10/16 00:00:00;2021/10/16 23:59:59;AIRPARIF;FR11ZAG01;ZAG PARIS;FR04029;VERSAILLES;Périurbaine;NO2;Fond;Oui;mesures fixes;Max. journalier moy. hor.;68.5;68.525;µg-m3;100.0;100;100.0;A;1;48.799168;2.130556
2021/10/17 00:00:00;2021/10/17 23:59:59;AIRPARIF;FR11ZAG01;ZAG PARIS;FR04029;VERSAILLES;Périurbaine;NO2;Fond;Oui;mesures fixes;Max. journalier moy. hor.;39.9;39.875;µg-m3;100.0;100;100.0;A;1;48.799168;2.130556
2021/10/18 00:00:00;2021/10/18 23:59:59;AIRPARIF;FR11ZAG01;ZAG PARIS;FR04029;VERSAILLES;Périurbaine;NO2;Fond;Oui;mesures fixes;Max. journalier moy. hor.;32.9;32.85;µg-m3;100.0;100;100.0;A;1;48.799168;2.130556
2021/10/19 00:00:00;2021/10/19 23:59:59;AIRPARIF;FR11ZAG01;ZAG PARIS;FR04029;VERSAILLES;Périurbaine;NO2;Fond;Oui;mesures fixes;Max. journalier moy. hor.;21.2;21.175;µg-m3;100.0;100;100.0;A;1;48.799168;2.130556
2021/10/20 00:00:00;2021/10/20 23:59:59;AIRPARIF;FR11ZAG01;ZAG PARIS;FR04029;VERSAILLES;Périurbaine;NO2;Fond;Oui;mesures fixes;Max. journalier moy. hor.;9.7;9.65;µg-m3;100.0;100;100.0;A;1;48.799168;2.130556
2021/10/21 00:00:00;2021/10/21 23:59:59;AIRPARIF;FR11ZAG01;ZAG PARIS;FR04029;VERSAILLES;Périurbaine;NO2;Fond;Oui;mesures fixes;Max. journalier moy. hor.;33.8;33.825;µg-m3;100.0;100;100.0;A;1;48.799168;2.130556
2021/10/22 00:00:00;2021/10/22 23:59:59;AIRPARIF;FR11ZAG01;ZAG PARIS;FR04029;VERSAILLES;Périurbaine;NO2;Fond;Oui;mesures fixes;Max. journalier moy. hor.;51.2;51.175;µg-m3;100.0;100;100.0;A;1;48.799168;2.130556
2021/10/23 00:00:00;2021/10/23 23:59:59;AIRPARIF;FR11ZAG01;ZAG PARIS;FR04029;VERSAILLES;Périurbaine;NO2;Fond;Oui;mesures fixes;Max. journalier moy. hor.;61.0;60.95;µg-m3;100.0;100;100.0;A;1;48.799168;2.130556
2021/10/24 00:00:00;2021/10/24 23:59:59;AIRPARIF;FR11ZAG01;ZAG PARIS;FR04029;VERSAILLES;Périurbaine;NO2;Fond;Oui;mesures fixes;Max. journalier moy. hor.;27.1;27.05;µg-m3;100.0;100;100.0;A;1;48.799168;2.130556
2021/10/25 00:00:00;2021/10/25 23:59:59;AIRPARIF;FR11ZAG01;ZAG PARIS;FR04029;VERSAILLES;Périurbaine;NO2;Fond;Oui;mesures fixes;Max. journalier moy. hor.;27.0;27.025;µg-m3;100.0;100;100.0;A;1;48.799168;2.130556
2021/10/26 00:00:00;2021/10/26 23:59:59;AIRPARIF;FR11ZAG01;ZAG PARIS;FR04029;VERSAILLES;Périurbaine;NO2;Fond;Oui;mesures fixes;Max. journalier moy. hor.;23.8;23.75;µg-m3;100.0;100;100.0;A;1;48.799168;2.130556
2021/10/27 00:00:00;2021/10/27 23:59:59;AIRPARIF;FR11ZAG01;ZAG PARIS;FR04029;VERSAILLES;Périurbaine;NO2;Fond;Oui;mesures fixes;Max. journalier moy. hor.;56.9;56.9;µg-m3;92.0;100;92.0;A;1;48.799168;2.130556
2021/10/28 00:00:00;2021/10/28 23:59:59;AIRPARIF;FR11ZAG01;ZAG PARIS;FR04029;VERSAILLES;Périurbaine;NO2;Fond;Oui;mesures fixes;Max. journalier moy. hor.;30.7;30.7;µg-m3;100.0;100;100.0;A;1;48.799168;2.130556
2021/10/29 00:00:00;2021/10/29 23:59:59;AIRPARIF;FR11ZAG01;ZAG PARIS;FR04029;VERSAILLES;Périurbaine;NO2;Fond;Oui;mesures fixes;Max. journalier moy. hor.;16.5;16.525;µg-m3;100.0;100;100.0;A;1;48.799168;2.130556
2021/10/30 00:00:00;2021/10/30 23:59:59;AIRPARIF;FR11ZAG01;ZAG PARIS;FR04029;VERSAILLES;Périurbaine;NO2;Fond;Oui;mesures fixes;Max. journalier moy. hor.;12.6;12.575;µg-m3;100.0;100;100.0;A;1;48.799168;2.130556
2021/10/31 00:00:00;2021/10/31 23:59:59;AIRPARIF;FR11ZAG01;ZAG PARIS;FR04029;VERSAILLES;Périurbaine;NO2;Fond;Oui;mesures fixes;Max. journalier moy. hor.;12.2;12.15;µg-m3;100.0;100;100.0;A;1;48.799168;2.130556
2021/11/01 00:00:00;2021/11/01 23:59:59;AIRPARIF;FR11ZAG01;ZAG PARIS;FR04029;VERSAILLES;Périurbaine;NO2;Fond;Oui;mesures fixes;Max. journalier moy. hor.;19.6;19.55;µg-m3;100.0;100;100.0;A;1;48.799168;2.130556
2021/11/02 00:00:00;2021/11/02 23:59:59;AIRPARIF;FR11ZAG01;ZAG PARIS;FR04029;VERSAILLES;Périurbaine;NO2;Fond;Oui;mesures fixes;Max. journalier moy. hor.;59.2;59.2;µg-m3;100.0;100;100.0;A;1;48.799168;2.130556
2021/11/03 00:00:00;2021/11/03 23:59:59;AIRPARIF;FR11ZAG01;ZAG PARIS;FR04029;VERSAILLES;Périurbaine;NO2;Fond;Oui;mesures fixes;Max. journalier moy. hor.;50.7;50.65;µg-m3;100.0;100;100.0;A;1;48.799168;2.130556
2021/11/04 00:00:00;2021/11/04 23:59:59;AIRPARIF;FR11ZAG01;ZAG PARIS;FR04029;VERSAILLES;Périurbaine;NO2;Fond;Oui;mesures fixes;Max. journalier moy. hor.;27.6;27.625;µg-m3;100.0;100;100.0;A;1;48.799168;2.130556
2021/11/05 00:00:00;2021/11/05 23:59:59;AIRPARIF;FR11ZAG01;ZAG PARIS;FR04029;VERSAILLES;Périurbaine;NO2;Fond;Oui;mesures fixes;Max. journalier moy. hor.;53.7;53.725;µg-m3;100.0;100;100.0;A;1;48.799168;2.130556
2021/11/06 00:00:00;2021/11/06 23:59:59;AIRPARIF;FR11ZAG01;ZAG PARIS;FR04029;VERSAILLES;Périurbaine;NO2;Fond;Oui;mesures fixes;Max. journalier moy. hor.;37.9;37.85;µg-m3;100.0;100;100.0;A;1;48.799168;2.130556
2021/11/07 00:00:00;2021/11/07 23:59:59;AIRPARIF;FR11ZAG01;ZAG PARIS;FR04029;VERSAILLES;Périurbaine;NO2;Fond;Oui;mesures fixes;Max. journalier moy. hor.;32.4;32.425;µg-m3;100.0;100;100.0;A;1;48.799168;2.130556
2021/11/08 00:00:00;2021/11/08 23:59:59;AIRPARIF;FR11ZAG01;ZAG PARIS;FR04029;VERSAILLES;Périurbaine;NO2;Fond;Oui;mesures fixes;Max. journalier moy. hor.;69.8;69.8;µg-m3;100.0;100;100.0;A;1;48.799168;2.130556
2021/11/09 00:00:00;2021/11/09 23:59:59;AIRPARIF;FR11ZAG01;ZAG PARIS;FR04029;VERSAILLES;Périurbaine;NO2;Fond;Oui;mesures fixes;Max. journalier moy. hor.;82.9;82.875;µg-m3;100.0;100;100.0;A;1;48.799168;2.130556
2021/11/10 00:00:00;2021/11/10 23:59:59;AIRPARIF;FR11ZAG01;ZAG PARIS;FR04029;VERSAILLES;Périurbaine;NO2;Fond;Oui;mesures fixes;Max. journalier moy. hor.;75.7;75.7;µg-m3;100.0;100;100.0;A;1;48.799168;2.130556
2021/11/11 00:00:00;2021/11/11 23:59:59;AIRPARIF;FR11ZAG01;ZAG PARIS;FR04029;VERSAILLES;Périurbaine;NO2;Fond;Oui;mesures fixes;Max. journalier moy. hor.;70.7;70.65;µg-m3;100.0;100;100.0;A;1;48.799168;2.130556
2021/11/12 00:00:00;2021/11/12 23:59:59;AIRPARIF;FR11ZAG01;ZAG PARIS;FR04029;VERSAILLES;Périurbaine;NO2;Fond;Oui;mesures fixes;Max. journalier moy. hor.;40.3;40.3;µg-m3;100.0;100;100.0;A;1;48.799168;2.130556
2021/11/13 00:00:00;2021/11/13 23:59:59;AIRPARIF;FR11ZAG01;ZAG PARIS;FR04029;VERSAILLES;Périurbaine;NO2;Fond;Oui;mesures fixes;Max. journalier moy. hor.;22.3;22.275;µg-m3;100.0;100;100.0;A;1;48.799168;2.130556
2021/11/14 00:00:00;2021/11/14 23:59:59;AIRPARIF;FR11ZAG01;ZAG PARIS;FR04029;VERSAILLES;Périurbaine;NO2;Fond;Oui;mesures fixes;Max. journalier moy. hor.;28.5;28.45;µg-m3;100.0;100;100.0;A;1;48.799168;2.130556
2021/11/15 00:00:00;2021/11/15 23:59:59;AIRPARIF;FR11ZAG01;ZAG PARIS;FR04029;VERSAILLES;Périurbaine;NO2;Fond;Oui;mesures fixes;Max. journalier moy. hor.;34.5;34.45;µg-m3;100.0;100;100.0;A;1;48.799168;2.130556
2021/11/16 00:00:00;2021/11/16 23:59:59;AIRPARIF;FR11ZAG01;ZAG PARIS;FR04029;VERSAILLES;Périurbaine;NO2;Fond;Oui;mesures fixes;Max. journalier moy. hor.;35.7;35.725;µg-m3;100.0;100;100.0;A;1;48.799168;2.130556
2021/11/17 00:00:00;2021/11/17 23:59:59;AIRPARIF;FR11ZAG01;ZAG PARIS;FR04029;VERSAILLES;Périurbaine;NO2;Fond;Oui;mesures fixes;Max. journalier moy. hor.;55.3;55.25;µg-m3;100.0;100;100.0;A;1;48.799168;2.130556
2021/11/18 00:00:00;2021/11/18 23:59:59;AIRPARIF;FR11ZAG01;ZAG PARIS;FR04029;VERSAILLES;Périurbaine;NO2;Fond;Oui;mesures fixes;Max. journalier moy. hor.;59.3;59.325;µg-m3;100.0;100;100.0;A;1;48.799168;2.130556
2021/11/19 00:00:00;2021/11/19 23:59:59;AIRPARIF;FR11ZAG01;ZAG PARIS;FR04029;VERSAILLES;Périurbaine;NO2;Fond;Oui;mesures fixes;Max. journalier moy. hor.;76.1;76.1;µg-m3;96.0;100;96.0;R;1;48.799168;2.130556
2021/11/20 00:00:00;2021/11/20 23:59:59;AIRPARIF;FR11ZAG01;ZAG PARIS;FR04029;VERSAILLES;Périurbaine;NO2;Fond;Oui;mesures fixes;Max. journalier moy. hor.;26.2;26.2;µg-m3;100.0;100;100.0;A;1;48.799168;2.130556
2021/11/21 00:00:00;2021/11/21 23:59:59;AIRPARIF;FR11ZAG01;ZAG PARIS;FR04029;VERSAILLES;Périurbaine;NO2;Fond;Oui;mesures fixes;Max. journalier moy. hor.;21.6;21.625;µg-m3;100.0;100;100.0;A;1;48.799168;2.130556
2021/11/22 00:00:00;2021/11/22 23:59:59;AIRPARIF;FR11ZAG01;ZAG PARIS;FR04029;VERSAILLES;Périurbaine;NO2;Fond;Oui;mesures fixes;Max. journalier moy. hor.;29.3;29.3;µg-m3;100.0;100;100.0;A;1;48.799168;2.130556
2021/11/23 00:00:00;2021/11/23 23:59:59;AIRPARIF;FR11ZAG01;ZAG PARIS;FR04029;VERSAILLES;Périurbaine;NO2;Fond;Oui;mesures fixes;Max. journalier moy. hor.;45.7;45.7;µg-m3;100.0;100;100.0;A;1;48.799168;2.130556
2021/11/24 00:00:00;2021/11/24 23:59:59;AIRPARIF;FR11ZAG01;ZAG PARIS;FR04029;VERSAILLES;Périurbaine;NO2;Fond;Oui;mesures fixes;Max. journalier moy. hor.;56.6;56.625;µg-m3;100.0;100;100.0;A;1;48.799168;2.130556
2021/11/25 00:00:00;2021/11/25 23:59:59;AIRPARIF;FR11ZAG01;ZAG PARIS;FR04029;VERSAILLES;Périurbaine;NO2;Fond;Oui;mesures fixes;Max. journalier moy. hor.;46.3;46.3;µg-m3;100.0;100;100.0;A;1;48.799168;2.130556
2021/11/26 00:00:00;2021/11/26 23:59:59;AIRPARIF;FR11ZAG01;ZAG PARIS;FR04029;VERSAILLES;Périurbaine;NO2;Fond;Oui;mesures fixes;Max. journalier moy. hor.;42.1;42.125;µg-m3;100.0;100;100.0;A;1;48.799168;2.130556
2021/11/27 00:00:00;2021/11/27 23:59:59;AIRPARIF;FR11ZAG01;ZAG PARIS;FR04029;VERSAILLES;Périurbaine;NO2;Fond;Oui;mesures fixes;Max. journalier moy. hor.;26.0;26.025;µg-m3;92.0;100;92.0;A;1;48.799168;2.130556
2021/11/29 00:00:00;2021/11/29 23:59:59;AIRPARIF;FR11ZAG01;ZAG PARIS;FR04029;VERSAILLES;Périurbaine;NO2;Fond;Oui;mesures fixes;Max. journalier moy. hor.;73.1;73.05;µg-m3;54.0;100;54.0;N;-1;48.799168;2.130556
2021/11/30 00:00:00;2021/11/30 23:59:59;AIRPARIF;FR11ZAG01;ZAG PARIS;FR04029;VERSAILLES;Périurbaine;NO2;Fond;Oui;mesures fixes;Max. journalier moy. hor.;19.8;19.825;µg-m3;100.0;100;100.0;A;1;48.799168;2.130556
2021/12/01 00:00:00;2021/12/01 23:59:59;AIRPARIF;FR11ZAG01;ZAG PARIS;FR04029;VERSAILLES;Périurbaine;NO2;Fond;Oui;mesures fixes;Max. journalier moy. hor.;27.2;27.225;µg-m3;100.0;100;100.0;A;1;48.799168;2.130556
2021/12/02 00:00:00;2021/12/02 23:59:59;AIRPARIF;FR11ZAG01;ZAG PARIS;FR04029;VERSAILLES;Périurbaine;NO2;Fond;Oui;mesures fixes;Max. journalier moy. hor.;34.1;34.05;µg-m3;100.0;100;100.0;A;1;48.799168;2.130556
2021/12/03 00:00:00;2021/12/03 23:59:59;AIRPARIF;FR11ZAG01;ZAG PARIS;FR04029;VERSAILLES;Périurbaine;NO2;Fond;Oui;mesures fixes;Max. journalier moy. hor.;27.0;27.025;µg-m3;100.0;100;100.0;A;1;48.799168;2.130556
2021/12/04 00:00:00;2021/12/04 23:59:59;AIRPARIF;FR11ZAG01;ZAG PARIS;FR04029;VERSAILLES;Périurbaine;NO2;Fond;Oui;mesures fixes;Max. journalier moy. hor.;26.1;26.05;µg-m3;100.0;100;100.0;A;1;48.799168;2.130556
2021/12/05 00:00:00;2021/12/05 23:59:59;AIRPARIF;FR11ZAG01;ZAG PARIS;FR04029;VERSAILLES;Périurbaine;NO2;Fond;Oui;mesures fixes;Max. journalier moy. hor.;16.0;16.0;µg-m3;100.0;100;100.0;A;1;48.799168;2.130556
2021/12/06 00:00:00;2021/12/06 23:59:59;AIRPARIF;FR11ZAG01;ZAG PARIS;FR04029;VERSAILLES;Périurbaine;NO2;Fond;Oui;mesures fixes;Max. journalier moy. hor.;34.8;34.8;µg-m3;100.0;100;100.0;A;1;48.799168;2.130556
2021/12/07 00:00:00;2021/12/07 23:59:59;AIRPARIF;FR11ZAG01;ZAG PARIS;FR04029;VERSAILLES;Périurbaine;NO2;Fond;Oui;mesures fixes;Max. journalier moy. hor.;20.0;20.025;µg-m3;100.0;100;100.0;A;1;48.799168;2.130556
2021/12/08 00:00:00;2021/12/08 23:59:59;AIRPARIF;FR11ZAG01;ZAG PARIS;FR04029;VERSAILLES;Périurbaine;NO2;Fond;Oui;mesures fixes;Max. journalier moy. hor.;36.2;36.2;µg-m3;100.0;100;100.0;A;1;48.799168;2.130556
2021/12/09 00:00:00;2021/12/09 23:59:59;AIRPARIF;FR11ZAG01;ZAG PARIS;FR04029;VERSAILLES;Périurbaine;NO2;Fond;Oui;mesures fixes;Max. journalier moy. hor.;35.4;35.425;µg-m3;100.0;100;100.0;A;1;48.799168;2.130556
2021/12/10 00:00:00;2021/12/10 23:59:59;AIRPARIF;FR11ZAG01;ZAG PARIS;FR04029;VERSAILLES;Périurbaine;NO2;Fond;Oui;mesures fixes;Max. journalier moy. hor.;19.9;19.925;µg-m3;100.0;100;100.0;A;1;48.799168;2.130556
2021/12/11 00:00:00;2021/12/11 23:59:59;AIRPARIF;FR11ZAG01;ZAG PARIS;FR04029;VERSAILLES;Périurbaine;NO2;Fond;Oui;mesures fixes;Max. journalier moy. hor.;54.5;54.525;µg-m3;100.0;100;100.0;A;1;48.799168;2.130556
2021/12/12 00:00:00;2021/12/12 23:59:59;AIRPARIF;FR11ZAG01;ZAG PARIS;FR04029;VERSAILLES;Périurbaine;NO2;Fond;Oui;mesures fixes;Max. journalier moy. hor.;15.2;15.2;µg-m3;100.0;100;100.0;A;1;48.799168;2.130556
2021/12/13 00:00:00;2021/12/13 23:59:59;AIRPARIF;FR11ZAG01;ZAG PARIS;FR04029;VERSAILLES;Périurbaine;NO2;Fond;Oui;mesures fixes;Max. journalier moy. hor.;41.4;41.375;µg-m3;96.0;100;96.0;A;1;48.799168;2.130556
2021/12/14 00:00:00;2021/12/14 23:59:59;AIRPARIF;FR11ZAG01;ZAG PARIS;FR04029;VERSAILLES;Périurbaine;NO2;Fond;Oui;mesures fixes;Max. journalier moy. hor.;44.4;44.375;µg-m3;100.0;100;100.0;A;1;48.799168;2.130556
2021/12/15 00:00:00;2021/12/15 23:59:59;AIRPARIF;FR11ZAG01;ZAG PARIS;FR04029;VERSAILLES;Périurbaine;NO2;Fond;Oui;mesures fixes;Max. journalier moy. hor.;65.0;64.95;µg-m3;100.0;100;100.0;A;1;48.799168;2.130556
2021/12/16 00:00:00;2021/12/16 23:59:59;AIRPARIF;FR11ZAG01;ZAG PARIS;FR04029;VERSAILLES;Périurbaine;NO2;Fond;Oui;mesures fixes;Max. journalier moy. hor.;62.1;62.125;µg-m3;100.0;100;100.0;A;1;48.799168;2.130556
2021/12/17 00:00:00;2021/12/17 23:59:59;AIRPARIF;FR11ZAG01;ZAG PARIS;FR04029;VERSAILLES;Périurbaine;NO2;Fond;Oui;mesures fixes;Max. journalier moy. hor.;47.9;47.875;µg-m3;100.0;100;100.0;A;1;48.799168;2.130556
2021/12/18 00:00:00;2021/12/18 23:59:59;AIRPARIF;FR11ZAG01;ZAG PARIS;FR04029;VERSAILLES;Périurbaine;NO2;Fond;Oui;mesures fixes;Max. journalier moy. hor.;40.9;40.925;µg-m3;100.0;100;100.0;A;1;48.799168;2.130556
2021/12/19 00:00:00;2021/12/19 23:59:59;AIRPARIF;FR11ZAG01;ZAG PARIS;FR04029;VERSAILLES;Périurbaine;NO2;Fond;Oui;mesures fixes;Max. journalier moy. hor.;32.0;32.0;µg-m3;100.0;100;100.0;A;1;48.799168;2.130556
2021/12/20 00:00:00;2021/12/20 23:59:59;AIRPARIF;FR11ZAG01;ZAG PARIS;FR04029;VERSAILLES;Périurbaine;NO2;Fond;Oui;mesures fixes;Max. journalier moy. hor.;32.3;32.275;µg-m3;100.0;100;100.0;A;1;48.799168;2.130556
2021/12/21 00:00:00;2021/12/21 23:59:59;AIRPARIF;FR11ZAG01;ZAG PARIS;FR04029;VERSAILLES;Périurbaine;NO2;Fond;Oui;mesures fixes;Max. journalier moy. hor.;59.9;59.9;µg-m3;92.0;100;92.0;A;1;48.799168;2.130556
2021/12/22 00:00:00;2021/12/22 23:59:59;AIRPARIF;FR11ZAG01;ZAG PARIS;FR04029;VERSAILLES;Périurbaine;NO2;Fond;Oui;mesures fixes;Max. journalier moy. hor.;30.8;30.8;µg-m3;100.0;100;100.0;A;1;48.799168;2.130556
2021/12/23 00:00:00;2021/12/23 23:59:59;AIRPARIF;FR11ZAG01;ZAG PARIS;FR04029;VERSAILLES;Périurbaine;NO2;Fond;Oui;mesures fixes;Max. journalier moy. hor.;28.2;28.2;µg-m3;100.0;100;100.0;A;1;48.799168;2.130556
2021/12/24 00:00:00;2021/12/24 23:59:59;AIRPARIF;FR11ZAG01;ZAG PARIS;FR04029;VERSAILLES;Périurbaine;NO2;Fond;Oui;mesures fixes;Max. journalier moy. hor.;24.2;24.225;µg-m3;100.0;100;100.0;A;1;48.799168;2.130556
2021/12/25 00:00:00;2021/12/25 23:59:59;AIRPARIF;FR11ZAG01;ZAG PARIS;FR04029;VERSAILLES;Périurbaine;NO2;Fond;Oui;mesures fixes;Max. journalier moy. hor.;16.4;16.425;µg-m3;100.0;100;100.0;A;1;48.799168;2.130556
2021/12/26 00:00:00;2021/12/26 23:59:59;AIRPARIF;FR11ZAG01;ZAG PARIS;FR04029;VERSAILLES;Périurbaine;NO2;Fond;Oui;mesures fixes;Max. journalier moy. hor.;15.3;15.25;µg-m3;100.0;100;100.0;A;1;48.799168;2.130556
2021/12/27 00:00:00;2021/12/27 23:59:59;AIRPARIF;FR11ZAG01;ZAG PARIS;FR04029;VERSAILLES;Périurbaine;NO2;Fond;Oui;mesures fixes;Max. journalier moy. hor.;13.8;13.775;µg-m3;100.0;100;100.0;A;1;48.799168;2.130556
2021/12/28 00:00:00;2021/12/28 23:59:59;AIRPARIF;FR11ZAG01;ZAG PARIS;FR04029;VERSAILLES;Périurbaine;NO2;Fond;Oui;mesures fixes;Max. journalier moy. hor.;10.2;10.2;µg-m3;100.0;100;100.0;A;1;48.799168;2.130556
2021/12/29 00:00:00;2021/12/29 23:59:59;AIRPARIF;FR11ZAG01;ZAG PARIS;FR04029;VERSAILLES;Périurbaine;NO2;Fond;Oui;mesures fixes;Max. journalier moy. hor.;14.8;14.775;µg-m3;100.0;100;100.0;A;1;48.799168;2.130556
2021/12/30 00:00:00;2021/12/30 23:59:59;AIRPARIF;FR11ZAG01;ZAG PARIS;FR04029;VERSAILLES;Périurbaine;NO2;Fond;Oui;mesures fixes;Max. journalier moy. hor.;12.2;12.225;µg-m3;100.0;100;100.0;A;1;48.799168;2.130556
2021/12/31 00:00:00;2021/12/31 23:59:59;AIRPARIF;FR11ZAG01;ZAG PARIS;FR04029;VERSAILLES;Périurbaine;NO2;Fond;Oui;mesures fixes;Max. journalier moy. hor.;22.4;22.425;µg-m3;100.0;100;100.0;A;1;48.799168;2.130556
